job,matchup,deal_index,deal_seed,level,games,win_rate,team_reward,focal_level_gain,opponent_level_gain
old,dmc|dmc|greedy,0,108000,2,8,0.125,-0.75,0.125,2.0
old,dmc|dmc|greedy,1,108001,3,8,0.0,-1.0,0.0,2.75
old,dmc|dmc|greedy,2,108002,4,8,0.75,0.5,1.0,0.375
old,dmc|dmc|greedy,3,108003,5,8,0.25,-0.5,0.625,2.0
old,dmc|dmc|greedy,4,108004,6,8,0.25,-0.5,0.5,1.875
old,dmc|dmc|greedy,5,108005,7,8,0.25,-0.5,0.625,1.0
old,dmc|dmc|greedy,6,108006,8,8,0.375,-0.25,0.75,1.25
old,dmc|dmc|greedy,7,108007,9,8,0.125,-0.75,0.375,2.125
old,dmc|dmc|greedy,8,108008,10,8,0.25,-0.5,0.25,1.5
old,dmc|dmc|greedy,9,108009,11,8,0.0,-1.0,0.0,2.5
old,dmc|dmc|greedy,10,108010,12,8,0.25,-0.5,0.5,1.75
old,dmc|dmc|greedy,11,108011,13,8,0.375,-0.25,0.625,1.25
old,dmc|dmc|greedy,12,108012,14,8,0.25,-0.5,0.25,1.375
old,dmc|dmc|greedy,13,108013,2,8,0.0,-1.0,0.0,2.75
old,dmc|dmc|greedy,14,108014,3,8,0.25,-0.5,0.5,2.0
old,dmc|dmc|greedy,15,108015,4,8,0.125,-0.75,0.25,2.25
old,dmc|dmc|greedy,16,108016,5,8,0.0,-1.0,0.0,3.0
old,dmc|dmc|greedy,17,108017,6,8,0.25,-0.5,0.5,1.5
old,dmc|dmc|greedy,18,108018,7,8,0.375,-0.25,0.375,1.25
old,dmc|dmc|greedy,19,108019,8,8,0.0,-1.0,0.0,2.625
old,dmc|dmc|greedy,20,108020,9,8,0.375,-0.25,0.75,1.625
old,dmc|dmc|greedy,21,108021,10,8,0.375,-0.25,0.625,1.75
old,dmc|dmc|greedy,22,108022,11,8,0.0,-1.0,0.0,2.375
old,dmc|dmc|greedy,23,108023,12,8,0.625,0.25,1.5,1.125
old,dmc|dmc|greedy,24,108024,13,8,0.125,-0.75,0.25,2.5
old,dmc|dmc|greedy,25,108025,14,8,0.0,-1.0,0.0,2.375
baseline,greedy|greedy|greedy,0,108000,2,8,0.5,0.0,1.0,1.0
baseline,greedy|greedy|greedy,1,108001,3,8,0.5,0.0,0.875,0.875
baseline,greedy|greedy|greedy,2,108002,4,8,0.5,0.0,0.75,0.75
baseline,greedy|greedy|greedy,3,108003,5,8,0.5,0.0,1.25,1.25
baseline,greedy|greedy|greedy,4,108004,6,8,0.5,0.0,1.0,1.0
baseline,greedy|greedy|greedy,5,108005,7,8,0.5,0.0,0.75,0.75
baseline,greedy|greedy|greedy,6,108006,8,8,0.5,0.0,0.5,0.5
baseline,greedy|greedy|greedy,7,108007,9,8,0.5,0.0,1.375,1.375
baseline,greedy|greedy|greedy,8,108008,10,8,0.5,0.0,1.0,1.0
baseline,greedy|greedy|greedy,9,108009,11,8,0.5,0.0,1.5,1.5
baseline,greedy|greedy|greedy,10,108010,12,8,0.5,0.0,1.0,1.0
baseline,greedy|greedy|greedy,11,108011,13,8,0.5,0.0,0.625,0.625
baseline,greedy|greedy|greedy,12,108012,14,8,0.5,0.0,1.125,1.125
baseline,greedy|greedy|greedy,13,108013,2,8,0.5,0.0,1.0,1.0
baseline,greedy|greedy|greedy,14,108014,3,8,0.5,0.0,1.0,1.0
baseline,greedy|greedy|greedy,15,108015,4,8,0.5,0.0,0.875,0.875
baseline,greedy|greedy|greedy,16,108016,5,8,0.5,0.0,0.875,0.875
baseline,greedy|greedy|greedy,17,108017,6,8,0.5,0.0,1.125,1.125
baseline,greedy|greedy|greedy,18,108018,7,8,0.5,0.0,0.75,0.75
baseline,greedy|greedy|greedy,19,108019,8,8,0.5,0.0,1.0,1.0
baseline,greedy|greedy|greedy,20,108020,9,8,0.5,0.0,1.125,1.125
baseline,greedy|greedy|greedy,21,108021,10,8,0.5,0.0,1.125,1.125
baseline,greedy|greedy|greedy,22,108022,11,8,0.5,0.0,1.25,1.25
baseline,greedy|greedy|greedy,23,108023,12,8,0.5,0.0,1.0,1.0
baseline,greedy|greedy|greedy,24,108024,13,8,0.5,0.0,0.875,0.875
baseline,greedy|greedy|greedy,25,108025,14,8,0.5,0.0,1.0,1.0
314372-400,dmc|dmc|greedy,0,108000,2,8,0.25,-0.5,0.75,1.625
314372-400,dmc|dmc|greedy,1,108001,3,8,0.375,-0.25,0.875,1.875
314372-400,dmc|dmc|greedy,2,108002,4,8,0.25,-0.5,0.375,1.25
314372-400,dmc|dmc|greedy,3,108003,5,8,0.125,-0.75,0.25,2.375
314372-400,dmc|dmc|greedy,4,108004,6,8,0.25,-0.5,0.25,1.875
314372-400,dmc|dmc|greedy,5,108005,7,8,0.125,-0.75,0.125,1.75
314372-400,dmc|dmc|greedy,6,108006,8,8,0.375,-0.25,0.75,1.25
314372-400,dmc|dmc|greedy,7,108007,9,8,0.0,-1.0,0.0,2.5
314372-400,dmc|dmc|greedy,8,108008,10,8,0.25,-0.5,0.5,1.5
314372-400,dmc|dmc|greedy,9,108009,11,8,0.125,-0.75,0.125,2.0
314372-400,dmc|dmc|greedy,10,108010,12,8,0.25,-0.5,0.25,1.25
314372-400,dmc|dmc|greedy,11,108011,13,8,0.125,-0.75,0.125,2.0
314372-400,dmc|dmc|greedy,12,108012,14,8,0.125,-0.75,0.25,2.125
314372-400,dmc|dmc|greedy,13,108013,2,8,0.125,-0.75,0.375,2.375
314372-400,dmc|dmc|greedy,14,108014,3,8,0.25,-0.5,0.75,1.75
314372-400,dmc|dmc|greedy,15,108015,4,8,0.0,-1.0,0.0,1.5
314372-400,dmc|dmc|greedy,16,108016,5,8,0.0,-1.0,0.0,3.0
314372-400,dmc|dmc|greedy,17,108017,6,8,0.25,-0.5,0.375,1.875
314372-400,dmc|dmc|greedy,18,108018,7,8,0.375,-0.25,0.75,1.625
314372-400,dmc|dmc|greedy,19,108019,8,8,0.375,-0.25,0.5,1.125
314372-400,dmc|dmc|greedy,20,108020,9,8,0.125,-0.75,0.125,2.625
314372-400,dmc|dmc|greedy,21,108021,10,8,0.375,-0.25,0.5,1.375
314372-400,dmc|dmc|greedy,22,108022,11,8,0.25,-0.5,0.5,2.0
314372-400,dmc|dmc|greedy,23,108023,12,8,0.25,-0.5,0.5,1.375
314372-400,dmc|dmc|greedy,24,108024,13,8,0.25,-0.5,0.25,1.375
314372-400,dmc|dmc|greedy,25,108025,14,8,0.125,-0.75,0.125,2.125
314371-400,dmc|dmc|greedy,0,108000,2,8,0.125,-0.75,0.125,2.25
314371-400,dmc|dmc|greedy,1,108001,3,8,0.0,-1.0,0.0,2.375
314371-400,dmc|dmc|greedy,2,108002,4,8,0.0,-1.0,0.0,2.25
314371-400,dmc|dmc|greedy,3,108003,5,8,0.0,-1.0,0.0,2.625
314371-400,dmc|dmc|greedy,4,108004,6,8,0.0,-1.0,0.0,2.875
314371-400,dmc|dmc|greedy,5,108005,7,8,0.125,-0.75,0.125,2.375
314371-400,dmc|dmc|greedy,6,108006,8,8,0.125,-0.75,0.125,2.125
314371-400,dmc|dmc|greedy,7,108007,9,8,0.0,-1.0,0.0,2.125
314371-400,dmc|dmc|greedy,8,108008,10,8,0.125,-0.75,0.25,1.875
314371-400,dmc|dmc|greedy,9,108009,11,8,0.0,-1.0,0.0,2.875
314371-400,dmc|dmc|greedy,10,108010,12,8,0.125,-0.75,0.125,2.25
314371-400,dmc|dmc|greedy,11,108011,13,8,0.125,-0.75,0.125,2.375
314371-400,dmc|dmc|greedy,12,108012,14,8,0.0,-1.0,0.0,2.625
314371-400,dmc|dmc|greedy,13,108013,2,8,0.0,-1.0,0.0,2.75
314371-400,dmc|dmc|greedy,14,108014,3,8,0.0,-1.0,0.0,1.875
314371-400,dmc|dmc|greedy,15,108015,4,8,0.0,-1.0,0.0,2.625
314371-400,dmc|dmc|greedy,16,108016,5,8,0.125,-0.75,0.375,2.25
314371-400,dmc|dmc|greedy,17,108017,6,8,0.0,-1.0,0.0,2.75
314371-400,dmc|dmc|greedy,18,108018,7,8,0.125,-0.75,0.25,2.375
314371-400,dmc|dmc|greedy,19,108019,8,8,0.0,-1.0,0.0,3.0
314371-400,dmc|dmc|greedy,20,108020,9,8,0.0,-1.0,0.0,2.875
314371-400,dmc|dmc|greedy,21,108021,10,8,0.125,-0.75,0.125,2.125
314371-400,dmc|dmc|greedy,22,108022,11,8,0.125,-0.75,0.125,2.0
314371-400,dmc|dmc|greedy,23,108023,12,8,0.125,-0.75,0.375,2.625
314371-400,dmc|dmc|greedy,24,108024,13,8,0.0,-1.0,0.0,2.875
314371-400,dmc|dmc|greedy,25,108025,14,8,0.0,-1.0,0.0,2.625
314371-1600,dmc|dmc|greedy,0,108000,2,8,0.375,-0.25,0.375,1.125
314371-1600,dmc|dmc|greedy,1,108001,3,8,0.75,0.5,1.5,0.625
314371-1600,dmc|dmc|greedy,2,108002,4,8,0.625,0.25,1.0,0.875
314371-1600,dmc|dmc|greedy,3,108003,5,8,0.375,-0.25,0.875,1.625
314371-1600,dmc|dmc|greedy,4,108004,6,8,0.5,0.0,0.75,1.5
314371-1600,dmc|dmc|greedy,5,108005,7,8,0.5,0.0,1.25,0.75
314371-1600,dmc|dmc|greedy,6,108006,8,8,0.25,-0.5,0.75,1.75
314371-1600,dmc|dmc|greedy,7,108007,9,8,0.375,-0.25,0.875,1.625
314371-1600,dmc|dmc|greedy,8,108008,10,8,0.375,-0.25,0.75,1.0
314371-1600,dmc|dmc|greedy,9,108009,11,8,0.375,-0.25,0.75,1.5
314371-1600,dmc|dmc|greedy,10,108010,12,8,0.5,0.0,0.875,1.25
314371-1600,dmc|dmc|greedy,11,108011,13,8,0.375,-0.25,1.0,1.375
314371-1600,dmc|dmc|greedy,12,108012,14,8,0.25,-0.5,0.625,1.0
314371-1600,dmc|dmc|greedy,13,108013,2,8,0.375,-0.25,0.375,1.5
314371-1600,dmc|dmc|greedy,14,108014,3,8,0.125,-0.75,0.125,1.875
314371-1600,dmc|dmc|greedy,15,108015,4,8,0.375,-0.25,0.5,0.625
314371-1600,dmc|dmc|greedy,16,108016,5,8,0.125,-0.75,0.25,1.625
314371-1600,dmc|dmc|greedy,17,108017,6,8,0.625,0.25,1.25,1.125
314371-1600,dmc|dmc|greedy,18,108018,7,8,0.5,0.0,1.125,0.75
314371-1600,dmc|dmc|greedy,19,108019,8,8,0.25,-0.5,0.5,1.25
314371-1600,dmc|dmc|greedy,20,108020,9,8,0.25,-0.5,0.25,1.625
314371-1600,dmc|dmc|greedy,21,108021,10,8,0.375,-0.25,0.875,1.625
314371-1600,dmc|dmc|greedy,22,108022,11,8,0.375,-0.25,0.875,1.375
314371-1600,dmc|dmc|greedy,23,108023,12,8,0.25,-0.5,0.625,1.5
314371-1600,dmc|dmc|greedy,24,108024,13,8,0.25,-0.5,0.25,1.625
314371-1600,dmc|dmc|greedy,25,108025,14,8,0.5,0.0,0.875,1.125
314370-1600,dmc|dmc|greedy,0,108000,2,8,0.0,-1.0,0.0,2.75
314370-1600,dmc|dmc|greedy,1,108001,3,8,0.375,-0.25,0.375,1.625
314370-1600,dmc|dmc|greedy,2,108002,4,8,0.125,-0.75,0.125,2.375
314370-1600,dmc|dmc|greedy,3,108003,5,8,0.0,-1.0,0.0,2.125
314370-1600,dmc|dmc|greedy,4,108004,6,8,0.0,-1.0,0.0,2.875
314370-1600,dmc|dmc|greedy,5,108005,7,8,0.5,0.0,0.625,1.0
314370-1600,dmc|dmc|greedy,6,108006,8,8,0.125,-0.75,0.25,2.25
314370-1600,dmc|dmc|greedy,7,108007,9,8,0.25,-0.5,0.25,1.625
314370-1600,dmc|dmc|greedy,8,108008,10,8,0.625,0.25,0.875,0.875
314370-1600,dmc|dmc|greedy,9,108009,11,8,0.25,-0.5,0.75,2.25
314370-1600,dmc|dmc|greedy,10,108010,12,8,0.125,-0.75,0.125,1.75
314370-1600,dmc|dmc|greedy,11,108011,13,8,0.25,-0.5,0.25,1.5
314370-1600,dmc|dmc|greedy,12,108012,14,8,0.25,-0.5,0.25,1.75
314370-1600,dmc|dmc|greedy,13,108013,2,8,0.125,-0.75,0.125,1.5
314370-1600,dmc|dmc|greedy,14,108014,3,8,0.0,-1.0,0.0,2.375
314370-1600,dmc|dmc|greedy,15,108015,4,8,0.0,-1.0,0.0,2.25
314370-1600,dmc|dmc|greedy,16,108016,5,8,0.25,-0.5,0.25,1.875
314370-1600,dmc|dmc|greedy,17,108017,6,8,0.375,-0.25,0.625,1.75
314370-1600,dmc|dmc|greedy,18,108018,7,8,0.375,-0.25,0.5,1.375
314370-1600,dmc|dmc|greedy,19,108019,8,8,0.25,-0.5,0.625,1.5
314370-1600,dmc|dmc|greedy,20,108020,9,8,0.125,-0.75,0.375,2.25
314370-1600,dmc|dmc|greedy,21,108021,10,8,0.125,-0.75,0.125,2.625
314370-1600,dmc|dmc|greedy,22,108022,11,8,0.375,-0.25,0.625,1.5
314370-1600,dmc|dmc|greedy,23,108023,12,8,0.375,-0.25,0.75,1.75
314370-1600,dmc|dmc|greedy,24,108024,13,8,0.125,-0.75,0.375,1.75
314370-1600,dmc|dmc|greedy,25,108025,14,8,0.125,-0.75,0.125,2.5
314372-1600,dmc|dmc|greedy,0,108000,2,8,0.0,-1.0,0.0,2.375
314372-1600,dmc|dmc|greedy,1,108001,3,8,0.25,-0.5,0.375,2.125
314372-1600,dmc|dmc|greedy,2,108002,4,8,0.375,-0.25,0.625,1.5
314372-1600,dmc|dmc|greedy,3,108003,5,8,0.5,0.0,1.0,1.375
314372-1600,dmc|dmc|greedy,4,108004,6,8,0.125,-0.75,0.125,1.75
314372-1600,dmc|dmc|greedy,5,108005,7,8,0.125,-0.75,0.25,2.0
314372-1600,dmc|dmc|greedy,6,108006,8,8,0.375,-0.25,0.875,1.625
314372-1600,dmc|dmc|greedy,7,108007,9,8,0.0,-1.0,0.0,2.875
314372-1600,dmc|dmc|greedy,8,108008,10,8,0.0,-1.0,0.0,2.375
314372-1600,dmc|dmc|greedy,9,108009,11,8,0.375,-0.25,1.0,1.875
314372-1600,dmc|dmc|greedy,10,108010,12,8,0.25,-0.5,0.375,2.0
314372-1600,dmc|dmc|greedy,11,108011,13,8,0.5,0.0,0.75,1.25
314372-1600,dmc|dmc|greedy,12,108012,14,8,0.0,-1.0,0.0,2.0
314372-1600,dmc|dmc|greedy,13,108013,2,8,0.125,-0.75,0.125,1.625
314372-1600,dmc|dmc|greedy,14,108014,3,8,0.125,-0.75,0.25,1.875
314372-1600,dmc|dmc|greedy,15,108015,4,8,0.125,-0.75,0.125,1.875
314372-1600,dmc|dmc|greedy,16,108016,5,8,0.25,-0.5,0.25,1.75
314372-1600,dmc|dmc|greedy,17,108017,6,8,0.625,0.25,1.0,0.875
314372-1600,dmc|dmc|greedy,18,108018,7,8,0.25,-0.5,0.75,1.25
314372-1600,dmc|dmc|greedy,19,108019,8,8,0.0,-1.0,0.0,2.375
314372-1600,dmc|dmc|greedy,20,108020,9,8,0.375,-0.25,0.625,1.125
314372-1600,dmc|dmc|greedy,21,108021,10,8,0.5,0.0,0.625,1.0
314372-1600,dmc|dmc|greedy,22,108022,11,8,0.375,-0.25,1.125,1.25
314372-1600,dmc|dmc|greedy,23,108023,12,8,0.625,0.25,0.625,1.0
314372-1600,dmc|dmc|greedy,24,108024,13,8,0.0,-1.0,0.0,2.375
314372-1600,dmc|dmc|greedy,25,108025,14,8,0.625,0.25,1.125,0.5
314370-400,dmc|dmc|greedy,0,108000,2,8,0.25,-0.5,0.25,2.125
314370-400,dmc|dmc|greedy,1,108001,3,8,0.0,-1.0,0.0,2.5
314370-400,dmc|dmc|greedy,2,108002,4,8,0.25,-0.5,0.5,1.75
314370-400,dmc|dmc|greedy,3,108003,5,8,0.25,-0.5,0.25,1.875
314370-400,dmc|dmc|greedy,4,108004,6,8,0.0,-1.0,0.0,2.375
314370-400,dmc|dmc|greedy,5,108005,7,8,0.5,0.0,0.625,1.25
314370-400,dmc|dmc|greedy,6,108006,8,8,0.125,-0.75,0.125,2.25
314370-400,dmc|dmc|greedy,7,108007,9,8,0.0,-1.0,0.0,2.75
314370-400,dmc|dmc|greedy,8,108008,10,8,0.125,-0.75,0.25,2.0
314370-400,dmc|dmc|greedy,9,108009,11,8,0.125,-0.75,0.125,2.25
314370-400,dmc|dmc|greedy,10,108010,12,8,0.375,-0.25,0.375,1.5
314370-400,dmc|dmc|greedy,11,108011,13,8,0.0,-1.0,0.0,2.375
314370-400,dmc|dmc|greedy,12,108012,14,8,0.25,-0.5,0.625,2.0
314370-400,dmc|dmc|greedy,13,108013,2,8,0.125,-0.75,0.125,1.625
314370-400,dmc|dmc|greedy,14,108014,3,8,0.375,-0.25,0.75,1.5
314370-400,dmc|dmc|greedy,15,108015,4,8,0.25,-0.5,0.5,1.25
314370-400,dmc|dmc|greedy,16,108016,5,8,0.25,-0.5,0.375,2.125
314370-400,dmc|dmc|greedy,17,108017,6,8,0.5,0.0,1.125,1.125
314370-400,dmc|dmc|greedy,18,108018,7,8,0.375,-0.25,0.5,1.875
314370-400,dmc|dmc|greedy,19,108019,8,8,0.125,-0.75,0.25,2.125
314370-400,dmc|dmc|greedy,20,108020,9,8,0.0,-1.0,0.0,3.0
314370-400,dmc|dmc|greedy,21,108021,10,8,0.0,-1.0,0.0,2.625
314370-400,dmc|dmc|greedy,22,108022,11,8,0.0,-1.0,0.0,2.375
314370-400,dmc|dmc|greedy,23,108023,12,8,0.125,-0.75,0.125,1.875
314370-400,dmc|dmc|greedy,24,108024,13,8,0.125,-0.75,0.125,2.125
314370-400,dmc|dmc|greedy,25,108025,14,8,0.25,-0.5,0.25,2.125
validation,dmc|dmc|greedy,0,202000,2,8,0.125,-0.75,0.125,1.75
validation,dmc|dmc|greedy,1,202001,3,8,0.125,-0.75,0.125,2.5
validation,dmc|dmc|greedy,2,202002,4,8,0.25,-0.5,0.25,1.875
validation,dmc|dmc|greedy,3,202003,5,8,0.0,-1.0,0.0,3.0
validation,dmc|dmc|greedy,4,202004,6,8,0.375,-0.25,0.875,1.375
validation,dmc|dmc|greedy,5,202005,7,8,0.0,-1.0,0.0,2.125
validation,dmc|dmc|greedy,6,202006,8,8,0.375,-0.25,0.375,1.75
validation,dmc|dmc|greedy,7,202007,9,8,0.375,-0.25,0.375,1.625
validation,dmc|dmc|greedy,8,202008,10,8,0.125,-0.75,0.25,2.375
validation,dmc|dmc|greedy,9,202009,11,8,0.375,-0.25,0.625,1.25
validation,dmc|dmc|greedy,10,202010,12,8,0.125,-0.75,0.125,2.0
validation,dmc|dmc|greedy,11,202011,13,8,0.25,-0.5,0.25,1.75
validation,dmc|dmc|greedy,12,202012,14,8,0.125,-0.75,0.375,2.125
validation,dmc|dmc|greedy,13,202013,2,8,0.375,-0.25,0.625,1.75
validation,dmc|dmc|greedy,14,202014,3,8,0.25,-0.5,0.25,2.0
validation,dmc|dmc|greedy,15,202015,4,8,0.0,-1.0,0.0,2.25
validation,dmc|dmc|greedy,16,202016,5,8,0.125,-0.75,0.25,1.625
validation,dmc|dmc|greedy,17,202017,6,8,0.125,-0.75,0.125,2.375
validation,dmc|dmc|greedy,18,202018,7,8,0.125,-0.75,0.25,2.25
validation,dmc|dmc|greedy,19,202019,8,8,0.125,-0.75,0.375,2.0
validation,dmc|dmc|greedy,20,202020,9,8,0.25,-0.5,0.25,1.75
validation,dmc|dmc|greedy,21,202021,10,8,0.375,-0.25,0.875,1.75
validation,dmc|dmc|greedy,22,202022,11,8,0.125,-0.75,0.125,2.25
validation,dmc|dmc|greedy,23,202023,12,8,0.375,-0.25,0.625,0.875
validation,dmc|dmc|greedy,24,202024,13,8,0.25,-0.5,0.375,1.75
validation,dmc|dmc|greedy,25,202025,14,8,0.25,-0.5,0.375,1.625
validation,dmc|dmc|greedy,26,202026,2,8,0.0,-1.0,0.0,3.0
validation,dmc|dmc|greedy,27,202027,3,8,0.125,-0.75,0.125,1.875
validation,dmc|dmc|greedy,28,202028,4,8,0.125,-0.75,0.125,2.625
validation,dmc|dmc|greedy,29,202029,5,8,0.125,-0.75,0.125,1.75
validation,dmc|dmc|greedy,30,202030,6,8,0.25,-0.5,0.5,1.5
validation,dmc|dmc|greedy,31,202031,7,8,0.25,-0.5,0.25,1.875
validation,dmc|dmc|greedy,32,202032,8,8,0.25,-0.5,0.5,2.25
validation,dmc|dmc|greedy,33,202033,9,8,0.5,0.0,0.625,1.375
validation,dmc|dmc|greedy,34,202034,10,8,0.0,-1.0,0.0,2.25
validation,dmc|dmc|greedy,35,202035,11,8,0.0,-1.0,0.0,2.375
validation,dmc|dmc|greedy,36,202036,12,8,0.375,-0.25,0.375,1.5
validation,dmc|dmc|greedy,37,202037,13,8,0.375,-0.25,0.625,1.375
validation,dmc|dmc|greedy,38,202038,14,8,0.25,-0.5,0.5,1.875
validation,dmc|dmc|greedy,39,202039,2,8,0.125,-0.75,0.25,2.125
validation,dmc|dmc|greedy,40,202040,3,8,0.25,-0.5,0.5,2.0
validation,dmc|dmc|greedy,41,202041,4,8,0.125,-0.75,0.125,2.625
validation,dmc|dmc|greedy,42,202042,5,8,0.375,-0.25,0.375,1.75
validation,dmc|dmc|greedy,43,202043,6,8,0.375,-0.25,0.625,1.25
validation,dmc|dmc|greedy,44,202044,7,8,0.125,-0.75,0.375,2.25
validation,dmc|dmc|greedy,45,202045,8,8,0.125,-0.75,0.125,2.0
validation,dmc|dmc|greedy,46,202046,9,8,0.25,-0.5,0.25,2.125
validation,dmc|dmc|greedy,47,202047,10,8,0.125,-0.75,0.125,2.125
validation,dmc|dmc|greedy,48,202048,11,8,0.375,-0.25,0.75,1.125
validation,dmc|dmc|greedy,49,202049,12,8,0.25,-0.5,0.375,2.125
validation,dmc|dmc|greedy,50,202050,13,8,0.375,-0.25,0.375,1.125
validation,dmc|dmc|greedy,51,202051,14,8,0.0,-1.0,0.0,2.625
validation,dmc|dmc|greedy,52,202052,2,8,0.25,-0.5,0.25,1.75
validation,dmc|dmc|greedy,53,202053,3,8,0.0,-1.0,0.0,1.875
validation,dmc|dmc|greedy,54,202054,4,8,0.125,-0.75,0.25,1.875
validation,dmc|dmc|greedy,55,202055,5,8,0.125,-0.75,0.375,1.625
validation,dmc|dmc|greedy,56,202056,6,8,0.125,-0.75,0.125,2.125
validation,dmc|dmc|greedy,57,202057,7,8,0.125,-0.75,0.125,2.0
validation,dmc|dmc|greedy,58,202058,8,8,0.25,-0.5,0.375,2.0
validation,dmc|dmc|greedy,59,202059,9,8,0.375,-0.25,0.875,1.5
validation,dmc|dmc|greedy,60,202060,10,8,0.0,-1.0,0.0,1.875
validation,dmc|dmc|greedy,61,202061,11,8,0.0,-1.0,0.0,2.375
validation,dmc|dmc|greedy,62,202062,12,8,0.25,-0.5,0.25,2.125
validation,dmc|dmc|greedy,63,202063,13,8,0.25,-0.5,0.5,1.625
validation,dmc|dmc|greedy,64,202064,14,8,0.375,-0.25,0.375,1.375
validation,dmc|dmc|random,0,202000,2,8,0.625,0.25,1.5,0.625
validation,dmc|dmc|random,1,202001,3,8,0.375,-0.25,0.75,0.75
validation,dmc|dmc|random,2,202002,4,8,0.75,0.5,0.875,0.25
validation,dmc|dmc|random,3,202003,5,8,0.5,0.0,1.0,1.125
validation,dmc|dmc|random,4,202004,6,8,0.875,0.75,2.25,0.25
validation,dmc|dmc|random,5,202005,7,8,0.75,0.5,1.625,0.375
validation,dmc|dmc|random,6,202006,8,8,0.5,0.0,0.875,0.875
validation,dmc|dmc|random,7,202007,9,8,0.25,-0.5,0.5,1.75
validation,dmc|dmc|random,8,202008,10,8,0.625,0.25,1.5,0.625
validation,dmc|dmc|random,9,202009,11,8,0.625,0.25,1.5,0.625
validation,dmc|dmc|random,10,202010,12,8,0.875,0.75,1.625,0.25
validation,dmc|dmc|random,11,202011,13,8,0.5,0.0,1.25,0.75
validation,dmc|dmc|random,12,202012,14,8,1.0,1.0,1.5,0.0
validation,dmc|dmc|random,13,202013,2,8,0.75,0.5,1.375,0.75
validation,dmc|dmc|random,14,202014,3,8,0.875,0.75,1.75,0.125
validation,dmc|dmc|random,15,202015,4,8,0.75,0.5,2.0,0.375
validation,dmc|dmc|random,16,202016,5,8,0.875,0.75,2.0,0.25
validation,dmc|dmc|random,17,202017,6,8,0.75,0.5,1.125,0.625
validation,dmc|dmc|random,18,202018,7,8,0.875,0.75,1.5,0.375
validation,dmc|dmc|random,19,202019,8,8,0.5,0.0,1.25,1.0
validation,dmc|dmc|random,20,202020,9,8,0.625,0.25,1.5,0.375
validation,dmc|dmc|random,21,202021,10,8,0.625,0.25,1.625,0.75
validation,dmc|dmc|random,22,202022,11,8,0.75,0.5,1.875,0.25
validation,dmc|dmc|random,23,202023,12,8,0.75,0.5,2.0,0.25
validation,dmc|dmc|random,24,202024,13,8,0.75,0.5,1.375,0.375
validation,dmc|dmc|random,25,202025,14,8,0.5,0.0,1.125,0.75
validation,dmc|dmc|random,26,202026,2,8,0.625,0.25,1.375,0.625
validation,dmc|dmc|random,27,202027,3,8,0.875,0.75,1.375,0.125
validation,dmc|dmc|random,28,202028,4,8,0.875,0.75,2.0,0.375
validation,dmc|dmc|random,29,202029,5,8,0.75,0.5,1.125,0.25
validation,dmc|dmc|random,30,202030,6,8,0.875,0.75,1.75,0.25
validation,dmc|dmc|random,31,202031,7,8,0.75,0.5,1.375,0.5
validation,dmc|dmc|random,32,202032,8,8,0.5,0.0,1.25,1.125
validation,dmc|dmc|random,33,202033,9,8,0.875,0.75,1.875,0.375
validation,dmc|dmc|random,34,202034,10,8,0.5,0.0,1.125,0.75
validation,dmc|dmc|random,35,202035,11,8,0.875,0.75,1.875,0.375
validation,dmc|dmc|random,36,202036,12,8,0.75,0.5,1.5,0.375
validation,dmc|dmc|random,37,202037,13,8,0.75,0.5,0.875,0.25
validation,dmc|dmc|random,38,202038,14,8,1.0,1.0,2.25,0.0
validation,dmc|dmc|random,39,202039,2,8,0.625,0.25,1.125,0.625
validation,dmc|dmc|random,40,202040,3,8,0.625,0.25,1.25,0.875
validation,dmc|dmc|random,41,202041,4,8,0.375,-0.25,1.0,1.375
validation,dmc|dmc|random,42,202042,5,8,0.5,0.0,0.875,1.125
validation,dmc|dmc|random,43,202043,6,8,0.75,0.5,1.5,0.25
validation,dmc|dmc|random,44,202044,7,8,0.875,0.75,1.5,0.25
validation,dmc|dmc|random,45,202045,8,8,0.625,0.25,1.75,0.625
validation,dmc|dmc|random,46,202046,9,8,0.5,0.0,1.25,0.75
validation,dmc|dmc|random,47,202047,10,8,0.625,0.25,1.375,0.875
validation,dmc|dmc|random,48,202048,11,8,0.875,0.75,2.25,0.125
validation,dmc|dmc|random,49,202049,12,8,0.875,0.75,2.0,0.125
validation,dmc|dmc|random,50,202050,13,8,0.75,0.5,1.75,0.375
validation,dmc|dmc|random,51,202051,14,8,0.625,0.25,1.25,0.875
validation,dmc|dmc|random,52,202052,2,8,0.75,0.5,1.25,0.375
validation,dmc|dmc|random,53,202053,3,8,0.625,0.25,1.125,0.875
validation,dmc|dmc|random,54,202054,4,8,0.625,0.25,1.0,0.625
validation,dmc|dmc|random,55,202055,5,8,1.0,1.0,2.5,0.0
validation,dmc|dmc|random,56,202056,6,8,0.875,0.75,2.125,0.125
validation,dmc|dmc|random,57,202057,7,8,0.625,0.25,1.0,0.375
validation,dmc|dmc|random,58,202058,8,8,0.75,0.5,1.75,0.25
validation,dmc|dmc|random,59,202059,9,8,1.0,1.0,2.0,0.0
validation,dmc|dmc|random,60,202060,10,8,0.875,0.75,1.375,0.125
validation,dmc|dmc|random,61,202061,11,8,0.5,0.0,0.75,0.75
validation,dmc|dmc|random,62,202062,12,8,0.75,0.5,1.375,0.625
validation,dmc|dmc|random,63,202063,13,8,0.625,0.25,1.375,0.875
validation,dmc|dmc|random,64,202064,14,8,0.875,0.75,1.75,0.25
validation,dmc|dmc|team,0,202000,2,8,0.125,-0.75,0.375,2.0
validation,dmc|dmc|team,1,202001,3,8,0.0,-1.0,0.0,2.625
validation,dmc|dmc|team,2,202002,4,8,0.25,-0.5,0.25,2.0
validation,dmc|dmc|team,3,202003,5,8,0.0,-1.0,0.0,2.75
validation,dmc|dmc|team,4,202004,6,8,0.375,-0.25,0.5,1.0
validation,dmc|dmc|team,5,202005,7,8,0.125,-0.75,0.25,2.0
validation,dmc|dmc|team,6,202006,8,8,0.125,-0.75,0.375,2.125
validation,dmc|dmc|team,7,202007,9,8,0.375,-0.25,0.625,1.375
validation,dmc|dmc|team,8,202008,10,8,0.0,-1.0,0.0,1.875
validation,dmc|dmc|team,9,202009,11,8,0.375,-0.25,0.75,1.375
validation,dmc|dmc|team,10,202010,12,8,0.0,-1.0,0.0,2.625
validation,dmc|dmc|team,11,202011,13,8,0.125,-0.75,0.125,2.25
validation,dmc|dmc|team,12,202012,14,8,0.0,-1.0,0.0,2.125
validation,dmc|dmc|team,13,202013,2,8,0.375,-0.25,0.5,1.875
validation,dmc|dmc|team,14,202014,3,8,0.125,-0.75,0.375,2.125
validation,dmc|dmc|team,15,202015,4,8,0.0,-1.0,0.0,2.25
validation,dmc|dmc|team,16,202016,5,8,0.0,-1.0,0.0,2.125
validation,dmc|dmc|team,17,202017,6,8,0.125,-0.75,0.125,2.125
validation,dmc|dmc|team,18,202018,7,8,0.25,-0.5,0.5,2.125
validation,dmc|dmc|team,19,202019,8,8,0.25,-0.5,0.625,1.875
validation,dmc|dmc|team,20,202020,9,8,0.125,-0.75,0.125,1.875
validation,dmc|dmc|team,21,202021,10,8,0.25,-0.5,0.25,2.125
validation,dmc|dmc|team,22,202022,11,8,0.0,-1.0,0.0,2.75
validation,dmc|dmc|team,23,202023,12,8,0.25,-0.5,0.75,1.375
validation,dmc|dmc|team,24,202024,13,8,0.125,-0.75,0.125,2.0
validation,dmc|dmc|team,25,202025,14,8,0.375,-0.25,0.625,1.625
validation,dmc|dmc|team,26,202026,2,8,0.0,-1.0,0.0,2.75
validation,dmc|dmc|team,27,202027,3,8,0.0,-1.0,0.0,2.375
validation,dmc|dmc|team,28,202028,4,8,0.375,-0.25,0.375,1.625
validation,dmc|dmc|team,29,202029,5,8,0.125,-0.75,0.125,2.25
validation,dmc|dmc|team,30,202030,6,8,0.25,-0.5,0.5,1.5
validation,dmc|dmc|team,31,202031,7,8,0.25,-0.5,0.5,1.875
validation,dmc|dmc|team,32,202032,8,8,0.125,-0.75,0.125,1.75
validation,dmc|dmc|team,33,202033,9,8,0.5,0.0,0.625,0.875
validation,dmc|dmc|team,34,202034,10,8,0.0,-1.0,0.0,2.5
validation,dmc|dmc|team,35,202035,11,8,0.0,-1.0,0.0,2.625
validation,dmc|dmc|team,36,202036,12,8,0.25,-0.5,0.25,1.625
validation,dmc|dmc|team,37,202037,13,8,0.125,-0.75,0.125,1.75
validation,dmc|dmc|team,38,202038,14,8,0.125,-0.75,0.375,1.875
validation,dmc|dmc|team,39,202039,2,8,0.0,-1.0,0.0,2.125
validation,dmc|dmc|team,40,202040,3,8,0.25,-0.5,0.5,2.0
validation,dmc|dmc|team,41,202041,4,8,0.125,-0.75,0.25,2.625
validation,dmc|dmc|team,42,202042,5,8,0.25,-0.5,0.375,2.0
validation,dmc|dmc|team,43,202043,6,8,0.125,-0.75,0.375,2.0
validation,dmc|dmc|team,44,202044,7,8,0.125,-0.75,0.375,2.625
validation,dmc|dmc|team,45,202045,8,8,0.25,-0.5,0.5,2.0
validation,dmc|dmc|team,46,202046,9,8,0.5,0.0,0.5,1.5
validation,dmc|dmc|team,47,202047,10,8,0.375,-0.25,0.75,1.875
validation,dmc|dmc|team,48,202048,11,8,0.125,-0.75,0.375,1.375
validation,dmc|dmc|team,49,202049,12,8,0.25,-0.5,0.5,2.0
validation,dmc|dmc|team,50,202050,13,8,0.25,-0.5,0.75,1.625
validation,dmc|dmc|team,51,202051,14,8,0.125,-0.75,0.125,2.25
validation,dmc|dmc|team,52,202052,2,8,0.25,-0.5,0.25,2.0
validation,dmc|dmc|team,53,202053,3,8,0.0,-1.0,0.0,2.0
validation,dmc|dmc|team,54,202054,4,8,0.125,-0.75,0.25,1.5
validation,dmc|dmc|team,55,202055,5,8,0.125,-0.75,0.25,2.0
validation,dmc|dmc|team,56,202056,6,8,0.125,-0.75,0.125,2.375
validation,dmc|dmc|team,57,202057,7,8,0.0,-1.0,0.0,2.125
validation,dmc|dmc|team,58,202058,8,8,0.125,-0.75,0.25,2.0
validation,dmc|dmc|team,59,202059,9,8,0.375,-0.25,0.875,1.625
validation,dmc|dmc|team,60,202060,10,8,0.25,-0.5,0.25,1.625
validation,dmc|dmc|team,61,202061,11,8,0.25,-0.5,0.75,1.875
validation,dmc|dmc|team,62,202062,12,8,0.125,-0.75,0.125,2.5
validation,dmc|dmc|team,63,202063,13,8,0.375,-0.25,0.875,1.375
validation,dmc|dmc|team,64,202064,14,8,0.125,-0.75,0.125,2.625
