group,candidates,finish_margin_count,finish_margin_sum,finish_miss,finish_opportunity,optional,optional_pass,pass_margin_count,pass_margin_sum,states
mixed-314510|mixed-314510,40917,6,-0.0593525767326355,5,16,68,51,68,1.4943861700594425,144
mixed-314510|mixed-314511,40917,6,0.14114591479301453,2,16,68,23,68,-0.2947606071829796,144
mixed-314510|mixed-314512,40917,6,-0.012658834457397461,3,16,68,36,68,0.43927339650690556,144
mixed-314510|selfplay-314510,40917,6,0.2614166159182787,0,16,68,3,68,-4.077399000496371,144
mixed-314510|selfplay-314511,40917,6,0.10160363651812077,2,16,68,0,68,-2.744557830039412,144
mixed-314510|selfplay-314512,40917,6,0.17283630464226007,1,16,68,1,68,-3.914257845375687,144
mixed-314511|mixed-314510,39540,10,-0.052413180470466614,6,32,72,54,72,1.5287642031908035,160
mixed-314511|mixed-314511,39540,10,0.14409226458519697,2,32,72,31,72,-0.2895865673199296,160
mixed-314511|mixed-314512,39540,10,-0.08772242069244385,4,32,72,40,72,0.7309189401566982,160
mixed-314511|selfplay-314510,39540,10,0.33698779344558716,0,32,72,2,72,-3.7933210261981003,160
mixed-314511|selfplay-314511,39540,10,0.3526483317837119,2,32,72,3,72,-3.1298091734061018,160
mixed-314511|selfplay-314512,39540,10,0.4391599968075752,0,32,72,0,72,-3.712939781253226,160
mixed-314512|mixed-314510,40167,10,0.006562329828739166,7,18,69,46,69,0.9896740093827248,146
mixed-314512|mixed-314511,40167,10,0.16256678104400635,4,18,69,28,69,-0.32474053651094437,146
mixed-314512|mixed-314512,40167,10,-0.21188895776867867,8,18,69,39,69,0.1402349401032552,146
mixed-314512|selfplay-314510,40167,10,0.18487095832824707,1,18,69,4,69,-4.075289937725756,146
mixed-314512|selfplay-314511,40167,10,0.18914742767810822,1,18,69,2,69,-2.9545407369732857,146
mixed-314512|selfplay-314512,40167,10,0.28767699003219604,1,18,69,1,69,-4.057475122041069,146
selfplay-314510|mixed-314510,48908,29,-0.10169515013694763,20,64,89,49,89,-0.15550122410058975,192
selfplay-314510|mixed-314511,48908,29,1.4972111599054188,4,64,89,14,89,-2.7834652380552143,192
selfplay-314510|mixed-314512,48908,29,-0.5055931517854333,18,64,89,41,89,-0.3054652288556099,192
selfplay-314510|selfplay-314510,48908,29,4.5366200394928455,2,64,89,1,89,-8.335556982143316,192
selfplay-314510|selfplay-314511,48908,29,2.400570575497113,3,64,89,0,89,-6.058117060107179,192
selfplay-314510|selfplay-314512,48908,29,2.6885362435132265,1,64,89,0,89,-7.304597983602434,192
selfplay-314511|mixed-314510,47328,28,-0.30520453304052353,18,64,85,44,85,-0.19188492000102997,192
selfplay-314511|mixed-314511,47328,28,0.8828520365059376,7,64,85,9,85,-2.8066881485283375,192
selfplay-314511|mixed-314512,47328,28,-0.23232422675937414,15,64,85,36,85,-0.47591441217809916,192
selfplay-314511|selfplay-314510,47328,28,4.082242589443922,3,64,85,0,85,-7.889459241181612,192
selfplay-314511|selfplay-314511,47328,28,2.11199227895122,5,64,85,0,85,-5.735395568830427,192
selfplay-314511|selfplay-314512,47328,28,2.5187726002186537,2,64,85,0,85,-7.028071216540411,192
selfplay-314512|mixed-314510,46139,38,-0.7886670045554638,28,64,86,39,86,-0.6397339552640915,192
selfplay-314512|mixed-314511,46139,38,0.3687050878070295,16,64,86,9,86,-2.943440253380686,192
selfplay-314512|mixed-314512,46139,38,-1.1611835584044456,26,64,86,41,86,0.07907147705554962,192
selfplay-314512|selfplay-314510,46139,38,4.586211797781289,7,64,86,1,86,-7.634070294938283,192
selfplay-314512|selfplay-314511,46139,38,2.245855993591249,10,64,86,0,86,-5.976320087094791,192
selfplay-314512|selfplay-314512,46139,38,2.356197190936655,8,64,86,0,86,-7.079418280860409,192
