group,current_seat_hands,current_seat_wins,decisions,finish_miss,finish_opportunity,forced_pass,hands,negative,optional,optional_pass,pass,pass_negative,pass_positive,play,play_negative,play_positive,positive,samples
mixed-314510,2000,487,162617,205,544,14051,1600,38311,29267,16887,30938,22211,8727,23147,16100,7047,15774,54085
mixed-314510/block-0,800,24,38503,51,140,5518,400,19490,11168,6006,11524,11156,368,8709,8334,375,743,20233
mixed-314510/block-1,400,124,37765,18,76,2957,400,6860,5338,3153,6110,4116,1994,4242,2744,1498,3492,10352
mixed-314510/block-2,400,322,49401,117,276,2951,400,2619,7310,4575,7526,1410,6116,6144,1209,4935,11051,13670
mixed-314510/block-3,400,17,36948,19,52,2625,400,9342,5451,3153,5778,5529,249,4052,3813,239,488,9830
mixed-314510/quarter-0,500,127,40581,44,145,4395,400,9473,6342,3184,7579,5416,2163,5845,4057,1788,3951,13424
mixed-314510/quarter-1,500,123,41601,95,204,3039,400,9802,7909,4285,7324,5293,2031,6574,4509,2065,4096,13898
mixed-314510/quarter-2,500,117,40699,37,120,3612,400,9870,7302,4046,7658,5529,2129,5968,4341,1627,3756,13626
mixed-314510/quarter-3,500,120,39736,29,75,3005,400,9166,7714,5372,8377,5973,2404,4760,3193,1567,3971,13137
mixed-314511,2000,601,165446,234,1126,18958,1600,36602,23474,6860,25818,18044,7774,28546,18558,9988,17762,54364
mixed-314511/block-0,800,94,41374,84,367,7791,400,18839,9887,2698,10489,9236,1253,11112,9603,1509,2762,21601
mixed-314511/block-1,400,132,38416,33,179,3781,400,6744,4385,1364,5145,3420,1725,5265,3324,1941,3666,10410
mixed-314511/block-2,400,354,47136,92,460,3811,400,1523,4675,1491,5302,726,4576,7026,797,6229,10805,12328
mixed-314511/block-3,400,21,38520,25,120,3575,400,9496,4527,1307,4882,4662,220,5143,4834,309,529,10025
mixed-314511/quarter-0,500,137,40256,47,256,5369,400,9365,5143,966,6335,4617,1718,6928,4748,2180,3898,13263
mixed-314511/quarter-1,500,158,41685,68,322,4859,400,9095,5766,1391,6250,4283,1967,7481,4812,2669,4636,13731
mixed-314511/quarter-2,500,152,40710,68,286,3961,400,8913,6509,2625,6586,4585,2001,6833,4328,2505,4506,13419
mixed-314511/quarter-3,500,154,42795,51,262,4769,400,9229,6056,1878,6647,4559,2088,7304,4670,2634,4722,13951
mixed-314512,2000,551,160719,224,729,19724,1600,35883,22988,10227,29951,20871,9080,23190,15012,8178,17258,53141
mixed-314512/block-0,800,32,37613,51,141,7314,400,18809,9092,3936,11250,10825,425,8467,7984,483,908,19717
mixed-314512/block-1,400,135,37645,17,96,3788,400,6582,4450,2206,5994,3923,2071,4281,2659,1622,3693,10275
mixed-314512/block-2,400,375,48281,146,435,4812,400,839,5063,2141,6953,475,6478,6319,364,5955,12433,13272
mixed-314512/block-3,400,9,37180,10,57,3810,400,9653,4383,1944,5754,5648,106,4123,4005,118,224,9877
mixed-314512/quarter-0,500,148,40712,49,222,4685,400,8901,5973,2391,7076,4859,2217,6371,4042,2329,4546,13447
mixed-314512/quarter-1,500,147,40898,60,213,5631,400,9034,5164,1561,7192,4939,2253,6293,4095,2198,4451,13485
mixed-314512/quarter-2,500,128,39469,66,161,4664,400,8988,5970,3024,7688,5434,2254,5405,3554,1851,4105,13093
mixed-314512/quarter-3,500,128,39640,49,133,4744,400,8960,5881,3251,7995,5639,2356,5121,3321,1800,4156,13116
selfplay-314510,6400,3200,178278,370,4529,91283,1600,91750,57256,2966,94249,50404,43845,84029,41346,42683,86528,178278
selfplay-314510/block-0,1600,800,44664,101,1150,22851,400,23012,14380,751,23602,12593,11009,21062,10419,10643,21652,44664
selfplay-314510/block-1,1600,800,44542,96,1129,22849,400,22895,14284,706,23555,12621,10934,20987,10274,10713,21647,44542
selfplay-314510/block-2,1600,800,44653,91,1133,22887,400,22933,14320,735,23622,12557,11065,21031,10376,10655,21720,44653
selfplay-314510/block-3,1600,800,44419,82,1117,22696,400,22910,14272,774,23470,12633,10837,20949,10277,10672,21509,44419
selfplay-314510/quarter-0,1600,800,53014,175,1226,27320,400,27225,16880,913,28233,14979,13254,24781,12246,12535,25789,53014
selfplay-314510/quarter-1,1600,800,42079,106,1138,21669,400,21711,13206,883,22552,12100,10452,19527,9611,9916,20368,42079
selfplay-314510/quarter-2,1600,800,41588,42,1085,21331,400,21380,13373,581,21912,11737,10175,19676,9643,10033,20208,41588
selfplay-314510/quarter-3,1600,800,41597,47,1080,20963,400,21434,13797,589,21552,11588,9964,20045,9846,10199,20163,41597
selfplay-314511,6400,3200,179210,492,4669,91464,1600,92294,57840,2679,94143,50373,43770,85067,41921,43146,86916,179210
selfplay-314511/block-0,1600,800,45088,129,1178,23047,400,23241,14500,689,23736,12691,11045,21352,10550,10802,21847,45088
selfplay-314511/block-1,1600,800,44738,128,1163,22789,400,23027,14472,796,23585,12576,11009,21153,10451,10702,21711,44738
selfplay-314511/block-2,1600,800,44971,120,1171,23022,400,23149,14448,625,23647,12699,10948,21324,10450,10874,21822,44971
selfplay-314511/block-3,1600,800,44413,115,1157,22606,400,22877,14420,569,23175,12407,10768,21238,10470,10768,21536,44413
selfplay-314511/quarter-0,1600,800,46614,150,1186,23648,400,23974,15219,835,24483,13096,11387,22131,10878,11253,22640,46614
selfplay-314511/quarter-1,1600,800,43932,71,1124,22559,400,22568,14016,659,23218,12359,10859,20714,10209,10505,21364,43932
selfplay-314511/quarter-2,1600,800,44442,158,1209,22631,400,22921,14394,602,23233,12461,10772,21209,10460,10749,21521,44442
selfplay-314511/quarter-3,1600,800,44222,113,1150,22626,400,22831,14211,583,23209,12457,10752,21013,10374,10639,21391,44222
selfplay-314512,6400,3200,207078,1072,5247,102767,1600,106499,70714,3672,106439,56941,49498,100639,49558,51081,100579,207078
selfplay-314512/block-0,1600,800,52180,252,1289,25864,400,26781,17910,972,26836,14321,12515,25344,12460,12884,25399,52180
selfplay-314512/block-1,1600,800,51740,277,1304,25650,400,26594,17685,926,26576,14283,12293,25164,12311,12853,25146,51740
selfplay-314512/block-2,1600,800,51172,292,1364,25333,400,26371,17480,963,26296,14007,12289,24876,12364,12512,24801,51172
selfplay-314512/block-3,1600,800,51986,251,1290,25920,400,26753,17639,811,26731,14330,12401,25255,12423,12832,25233,51986
selfplay-314512/quarter-0,1600,800,51925,309,1339,26719,400,26665,16576,865,27584,14694,12890,24341,11971,12370,25260,51925
selfplay-314512/quarter-1,1600,800,51874,324,1366,25330,400,26724,18101,1170,26500,14238,12262,25374,12486,12888,25150,51874
selfplay-314512/quarter-2,1600,800,53585,330,1400,26164,400,27565,18806,998,27162,14479,12683,26423,13086,13337,26020,53585
selfplay-314512/quarter-3,1600,800,49694,109,1142,24554,400,25545,17231,639,25193,13530,11663,24501,12015,12486,24149,49694
