initializer,deal_seed,level,phase1,final,delta
314380,108100,2,0.625,0.625,0.0
314380,108101,3,0.0,0.5,0.5
314380,108102,4,0.25,0.25,0.0
314380,108103,5,0.0,0.375,0.375
314380,108104,6,0.125,0.0,-0.125
314380,108105,7,0.5,0.375,-0.125
314380,108106,8,0.5,0.5,0.0
314380,108107,9,0.25,0.375,0.125
314380,108108,10,0.25,0.25,0.0
314380,108109,11,0.25,0.125,-0.125
314380,108110,12,0.5,0.5,0.0
314380,108111,13,0.5,0.375,-0.125
314380,108112,14,0.25,0.375,0.125
314380,108113,2,0.375,0.25,-0.125
314380,108114,3,0.375,0.25,-0.125
314380,108115,4,0.5,0.0,-0.5
314380,108116,5,0.375,0.5,0.125
314380,108117,6,0.375,0.375,0.0
314380,108118,7,0.375,0.125,-0.25
314380,108119,8,0.25,0.125,-0.125
314380,108120,9,0.625,0.375,-0.25
314380,108121,10,0.25,0.25,0.0
314380,108122,11,0.25,0.25,0.0
314380,108123,12,0.125,0.0,-0.125
314380,108124,13,0.375,0.5,0.125
314380,108125,14,0.25,0.25,0.0
314381,108100,2,0.125,0.25,0.125
314381,108101,3,0.125,0.5,0.375
314381,108102,4,0.375,0.25,-0.125
314381,108103,5,0.25,0.375,0.125
314381,108104,6,0.625,0.5,-0.125
314381,108105,7,0.5,0.625,0.125
314381,108106,8,0.5,0.375,-0.125
314381,108107,9,0.5,0.5,0.0
314381,108108,10,0.625,0.0,-0.625
314381,108109,11,0.0,0.25,0.25
314381,108110,12,0.375,0.625,0.25
314381,108111,13,0.375,0.375,0.0
314381,108112,14,0.0,0.375,0.375
314381,108113,2,0.375,0.5,0.125
314381,108114,3,0.375,0.25,-0.125
314381,108115,4,0.25,0.25,0.0
314381,108116,5,0.375,0.375,0.0
314381,108117,6,0.125,0.25,0.125
314381,108118,7,0.375,0.5,0.125
314381,108119,8,0.375,0.125,-0.25
314381,108120,9,0.375,0.5,0.125
314381,108121,10,0.125,0.5,0.375
314381,108122,11,0.0,0.125,0.125
314381,108123,12,0.25,0.0,-0.25
314381,108124,13,0.5,0.375,-0.125
314381,108125,14,0.375,0.125,-0.25
314382,108100,2,0.5,0.25,-0.25
314382,108101,3,0.625,0.25,-0.375
314382,108102,4,0.0,0.25,0.25
314382,108103,5,0.375,0.125,-0.25
314382,108104,6,0.625,0.375,-0.25
314382,108105,7,0.375,0.375,0.0
314382,108106,8,0.5,0.375,-0.125
314382,108107,9,0.25,0.375,0.125
314382,108108,10,0.25,0.375,0.125
314382,108109,11,0.5,0.125,-0.375
314382,108110,12,0.5,0.125,-0.375
314382,108111,13,0.25,0.25,0.0
314382,108112,14,0.375,0.25,-0.125
314382,108113,2,0.125,0.25,0.125
314382,108114,3,0.125,0.125,0.0
314382,108115,4,0.5,0.125,-0.375
314382,108116,5,0.375,0.375,0.0
314382,108117,6,0.375,0.5,0.125
314382,108118,7,0.375,0.5,0.125
314382,108119,8,0.0,0.25,0.25
314382,108120,9,0.625,0.5,-0.125
314382,108121,10,0.375,0.375,0.0
314382,108122,11,0.25,0.25,0.0
314382,108123,12,0.0,0.25,0.25
314382,108124,13,0.25,0.375,0.125
314382,108125,14,0.5,0.5,0.0
