source,model,subset,observations,mean_teacher_top1,mean_normalized_regret,mean_candidate_mse,mean_spread,candidates,saturated_candidates,saturation_rate,finish_opportunities,finish_misses,finish_miss_rate
training,phase1-314380,all,1313,0.6984006092916984,0.007517412875613739,0.08469981351526067,0.9513573983726031,173691,0,0.0,513,0,0.0
training,phase1-314380,multi_choice,1076,0.6319702602230484,0.009173199912342788,0.09559641168595269,1.1609035911368288,173454,0,0.0,276,0,0.0
training,final-314380,all,1313,0.5506473724295506,0.05675433080062153,0.5569177845813318,0.12479374276840564,173691,38,0.0002187793265051154,513,0,0.0
training,final-314380,multi_choice,1076,0.4516728624535316,0.06925505236172498,0.5615905449237926,0.15228084038561024,173454,27,0.00015566086685807188,276,0,0.0
training,phase1-314381,all,1313,0.6511805026656512,0.005581516659571535,0.0702528060203596,0.9756396251232509,173691,0,0.0,513,0,0.0
training,phase1-314381,multi_choice,1076,0.5743494423791822,0.006810902763956715,0.07651543585032342,1.1905342265676844,173454,0,0.0,276,0,0.0
training,final-314381,all,1313,0.5674028941355674,0.07372280415325733,0.5431008423805069,0.16783311935143455,173691,26,0.00014969111813507895,513,0,0.0
training,final-314381,multi_choice,1076,0.4721189591078067,0.08996100543980191,0.5517798498019438,0.20480007965467806,173454,18,0.00010377391123871458,276,0,0.0
training,phase1-314382,all,1313,0.7067783701447068,0.005773557985535856,0.07048722960790167,0.9854506452555063,173691,0,0.0,513,0,0.0
training,phase1-314382,multi_choice,1076,0.6421933085501859,0.0070452431552124346,0.07378317283616255,1.2025062241826021,173454,0,0.0,276,0,0.0
training,final-314382,all,1313,0.6130997715156131,0.034674109380605986,0.5188991215851715,0.1742359468881775,173691,5,2.8786753487515185e-05,513,1,0.001949317738791423
training,final-314382,multi_choice,1076,0.5278810408921933,0.04231143644678036,0.5408395497691953,0.21261319541280396,173454,1,5.765217291039699e-06,276,1,0.0036231884057971015
final-314380,phase1-314380,all,1006,0.6391650099403579,0.0113517000231616,0.10669016136603417,0.9928516503223833,102170,0,0.0,174,0,0.0
final-314380,phase1-314380,multi_choice,914,0.6028446389496718,0.012494321907331038,0.11360948499642684,1.0927885779259494,102078,0,0.0,82,0,0.0
final-314380,final-314380,all,1006,0.49801192842942343,0.07727291248682289,0.5401486152747529,0.08639305430871437,102170,13,0.0001272389155329353,174,0,0.0
final-314380,final-314380,multi_choice,914,0.4474835886214442,0.08505092993626238,0.5318892804430668,0.09508907290433989,102078,12,0.00011755716217010521,82,0,0.0
final-314380,phase1-314381,all,1006,0.6023856858846919,0.006442168200128949,0.09130210888205376,1.0210144895930389,102170,0,0.0,174,0,0.0
final-314380,phase1-314381,multi_choice,914,0.562363238512035,0.007090614014583941,0.09600055138620862,1.1237861887643295,102078,0,0.0,82,0,0.0
final-314380,final-314381,all,1006,0.4552683896620278,0.16731021092736276,0.5392293418512,0.13616802402502726,102170,13,0.0001272389155329353,174,0,0.0
final-314380,final-314381,multi_choice,914,0.40043763676148797,0.18415106366841022,0.5348219509167187,0.1498742146271088,102078,10,9.796430180842101e-05,82,0,0.0
final-314380,phase1-314382,all,1006,0.6590457256461233,0.0072502399004685135,0.08865480377188328,1.0436896855043059,102170,0,0.0,174,0,0.0
final-314380,phase1-314382,multi_choice,914,0.62472647702407,0.007980023347780443,0.09226903465204694,1.1487437895156802,102078,0,0.0,82,0,0.0
final-314380,final-314382,all,1006,0.5596421471172962,0.03761086897676564,0.5261910504063665,0.16251920232155626,102170,0,0.0,174,0,0.0
final-314380,final-314382,multi_choice,914,0.5153172866520788,0.04139664572278581,0.5263199909637917,0.17887780911978732,102078,0,0.0,82,0,0.0
final-314381,phase1-314380,all,1038,0.6647398843930635,0.01334808037985383,0.10758136582899497,0.9662647960495127,103663,0,0.0,206,2,0.009708737864077669
final-314381,phase1-314380,multi_choice,936,0.6282051282051282,0.01480267888278662,0.11536610850101636,1.071562882798498,103561,0,0.0,104,2,0.019230769230769232
final-314381,final-314380,all,1038,0.4884393063583815,0.10349890885504866,0.5551871469871973,0.08782866415498161,103663,20,0.0001929328690082286,206,0,0.0
final-314381,final-314380,multi_choice,936,0.4326923076923077,0.11477763610207319,0.5480885422635945,0.097399736530845,103561,14,0.000135186025627408,104,0,0.0
final-314381,phase1-314381,all,1038,0.6348747591522158,0.008531672152653328,0.0928621667058856,0.991010804705704,103663,0,0.0,206,2,0.009708737864077669
final-314381,phase1-314381,multi_choice,936,0.5950854700854701,0.009461405656468113,0.09825149068303683,1.0990055718851717,103561,0,0.0,104,2,0.019230769230769232
final-314381,final-314381,all,1038,0.476878612716763,0.1720160004816326,0.5478004380866466,0.13518935075332658,103663,11,0.00010611307795452572,206,0,0.0
final-314381,final-314381,multi_choice,936,0.4198717948717949,0.19076133386745156,0.5434969331310873,0.1499215235918301,103561,9,8.6905302189048e-05,104,0,0.0
final-314381,phase1-314382,all,1038,0.6878612716763006,0.008793700217111577,0.08976483050300643,1.018276975818398,103663,0,0.0,206,2,0.009708737864077669
final-314381,phase1-314382,multi_choice,936,0.6538461538461539,0.009751988061283991,0.094148998055278,1.1292430565165568,103561,0,0.0,104,2,0.019230769230769232
final-314381,final-314382,all,1038,0.5953757225433526,0.030203222386201354,0.5343496276182583,0.155487790004132,103663,5,4.823321725205715e-05,206,0,0.0
final-314381,final-314382,multi_choice,936,0.5512820512820513,0.03349459918469765,0.535055385048296,0.17243197224817203,103561,2,1.9312289375344e-05,104,0,0.0
final-314382,phase1-314380,all,1012,0.633399209486166,0.010516183024876958,0.09817295670980801,0.9905797371436269,102152,0,0.0,180,1,0.005555555555555556
final-314382,phase1-314380,multi_choice,913,0.5936473165388828,0.01165649202757446,0.10606845748784761,1.0979919977977552,102053,0,0.0,81,1,0.012345679012345678
final-314382,final-314380,all,1012,0.49209486166007904,0.08138340353017022,0.5421001961330086,0.0880918930072267,102152,5,4.894666771086224e-05,180,0,0.0
final-314382,final-314380,multi_choice,913,0.4370208105147864,0.09020810993705615,0.5379099314868926,0.09764402598391393,102053,3,2.9396490059086946e-05,81,0,0.0
final-314382,phase1-314381,all,1012,0.6017786561264822,0.006182023446938743,0.08477422352580109,1.0188329770913525,102152,0,0.0,180,1,0.005555555555555556
final-314382,phase1-314381,multi_choice,913,0.5585980284775466,0.006852363338775474,0.09102441083280936,1.1293088420771618,102053,0,0.0,81,1,0.012345679012345678
final-314382,final-314381,all,1012,0.4535573122529644,0.15128204988651114,0.5369523611944128,0.13917948552169776,102152,9,8.810400187955204e-05,180,0,0.0
final-314382,final-314381,multi_choice,913,0.39430449069003287,0.1676861275850485,0.5358771935982118,0.15427123696380957,102053,5,4.899415009847824e-05,81,0,0.0
final-314382,phase1-314382,all,1012,0.6551383399209486,0.00708670877365866,0.08213746947706761,1.0389206014319807,102152,0,0.0,180,1,0.005555555555555556
final-314382,phase1-314382,multi_choice,913,0.6177437020810514,0.007855147074416828,0.08675698974230517,1.151574642551111,102053,0,0.0,81,1,0.012345679012345678
final-314382,final-314382,all,1012,0.549407114624506,0.030933883755556436,0.5216191646228527,0.1517128795982967,102152,4,3.9157334168689795e-05,180,1,0.005555555555555556
final-314382,final-314382,multi_choice,913,0.5005476451259584,0.03428816030736376,0.5246155555368416,0.168163673771606,102053,0,0.0,81,1,0.012345679012345678
phase1-314380,phase1-314380,all,1051,0.6489058039961941,0.010988920947665145,0.10327561584641948,0.9689627045967778,102246,0,0.0,219,0,0.0
phase1-314380,phase1-314380,multi_choice,938,0.6066098081023454,0.012312746179100284,0.11063235922890224,1.085692753231571,102133,0,0.0,106,0,0.0
phase1-314380,final-314380,all,1051,0.5042816365366318,0.06635124054280452,0.5614242675733004,0.08695924441145376,102246,10,9.780333704986015e-05,219,0,0.0
phase1-314380,final-314380,multi_choice,938,0.4445628997867804,0.07434451365723618,0.5568871251523365,0.0974351448576097,102133,8,7.832923736696269e-05,106,0,0.0
phase1-314380,phase1-314381,all,1051,0.6089438629876308,0.006987488303801441,0.08993454575264763,0.9985441593165296,102246,0,0.0,219,0,0.0
phase1-314380,phase1-314381,multi_choice,938,0.5618336886993603,0.00782926461332123,0.09451918593451998,1.1188378586798216,102133,0,0.0,106,0,0.0
phase1-314380,final-314381,all,1051,0.44719314938154137,0.18261727300157082,0.561325995794818,0.13094528801493316,102246,25,0.00024450834262465033,219,0,0.0
phase1-314380,final-314381,multi_choice,938,0.3805970149253731,0.20461700844845515,0.5619484222034544,0.1467201468056447,102133,17,0.00016644962940479572,106,0,0.0
phase1-314380,phase1-314382,all,1051,0.6660323501427212,0.007814246751841027,0.08885494252803403,1.0161746208960072,102246,0,0.0,219,0,0.0
phase1-314380,phase1-314382,multi_choice,938,0.6257995735607675,0.008755621893587334,0.09337913721866652,1.1385922458013897,102133,0,0.0,106,0,0.0
phase1-314380,final-314382,all,1051,0.5556612749762131,0.03513976846246936,0.5331042822573301,0.1522839259781658,102246,9,8.802300334487412e-05,219,0,0.0
phase1-314380,final-314382,multi_choice,938,0.502132196162047,0.039373024151444884,0.5394963928794411,0.17062943092009836,102133,4,3.9164618683481345e-05,106,0,0.0
phase1-314381,phase1-314380,all,1039,0.6284889316650626,0.012971647569728881,0.10113517009467737,0.9730266812985765,102553,0,0.0,207,0,0.0
phase1-314381,phase1-314380,multi_choice,928,0.584051724137931,0.014523213173435676,0.10917824725880397,1.0894124158073502,102442,0,0.0,96,0,0.0
phase1-314381,final-314380,all,1039,0.5081809432146295,0.0696086750300803,0.54233153484972,0.08833860790452121,102553,15,0.00014626583327645218,207,0,0.0
phase1-314381,final-314380,multi_choice,928,0.44935344827586204,0.07793471266837654,0.5346466095127657,0.09890497156551457,102442,14,0.0001366626969407079,96,0,0.0
phase1-314381,phase1-314381,all,1039,0.6063522617901829,0.007086185067223898,0.08827584451634626,1.0035678663357592,102553,0,0.0,207,0,0.0
phase1-314381,phase1-314381,multi_choice,928,0.5592672413793104,0.007933778324187101,0.0937913095040165,1.123606695175489,102442,0,0.0,96,0,0.0
phase1-314381,final-314381,all,1039,0.46487006737247355,0.1625373744508028,0.5418974346971165,0.13851062160088834,102553,21,0.00020477216658703305,207,0,0.0
phase1-314381,final-314381,multi_choice,928,0.40086206896551724,0.1819788060930863,0.5357749602648753,0.15507816362427046,102442,14,0.0001366626969407079,96,0,0.0
phase1-314381,phase1-314382,all,1039,0.6506256015399422,0.007656042523845999,0.0859136430163163,1.0261247739352912,102553,0,0.0,207,0,0.0
phase1-314381,phase1-314382,multi_choice,928,0.6088362068965517,0.0085717976102112,0.09043113784654651,1.148861681162465,102442,0,0.0,96,0,0.0
phase1-314381,final-314382,all,1039,0.5572666025024061,0.03560489775058042,0.5170941501446228,0.1569727083053655,102553,10,9.751055551763479e-05,207,0,0.0
phase1-314381,final-314382,multi_choice,928,0.5043103448275862,0.039863673235833036,0.5193149835816588,0.1757485387168909,102442,2,1.952324242010113e-05,96,0,0.0
phase1-314382,phase1-314380,all,1049,0.6396568160152526,0.012114067488570404,0.09928792013797587,0.9754230745471446,101946,0,0.0,217,0,0.0
phase1-314382,phase1-314380,multi_choice,939,0.597444089456869,0.01353318082588962,0.10653809236187543,1.089689888391858,101836,0,0.0,107,0,0.0
phase1-314382,final-314380,all,1049,0.5052430886558628,0.07423605993432593,0.5485650832615512,0.09027841146506553,101946,18,0.00017656406332764406,217,0,0.0
phase1-314382,final-314380,multi_choice,939,0.4472843450479233,0.08293250997988062,0.5477704163067406,0.10085415721709663,101836,13,0.00012765623158804353,107,0,0.0
phase1-314382,phase1-314381,all,1049,0.6043851286939943,0.00743585367248419,0.0861622105554488,1.0065291722501992,101946,0,0.0,217,0,0.0
phase1-314382,phase1-314381,multi_choice,939,0.5580404685835996,0.008306933442423765,0.09068669814171769,1.1244399379025123,101836,0,0.0,107,0,0.0
phase1-314382,final-314381,all,1049,0.444232602478551,0.17069962071646516,0.549715392154237,0.13372573644980199,101946,26,0.0002550369803621525,217,0,0.0
phase1-314382,final-314381,multi_choice,939,0.37912673056443025,0.19069638139677525,0.5498819230854065,0.14939115818513554,101836,20,0.0001963942024431439,107,0,0.0
phase1-314382,phase1-314382,all,1049,0.6596758817921831,0.007785356627540653,0.08495543485128515,1.0252898859625434,101946,0,0.0,217,0,0.0
phase1-314382,phase1-314382,multi_choice,939,0.6198083067092651,0.008697379235665758,0.08821983601103482,1.1453983923053335,101836,0,0.0,107,0,0.0
phase1-314382,final-314382,all,1049,0.5471877979027645,0.03874573710876642,0.5252897479134334,0.1543004871695358,101946,2,1.9618229258627115e-05,217,0,0.0
phase1-314382,final-314382,multi_choice,939,0.4941427050053248,0.043284641349409986,0.534084075797099,0.17237615659301708,101836,2,1.9639420244314387e-05,107,0,0.0
