job,matchup,deal_index,deal_seed,focal_level_gain,games,level,opponent_level_gain,team_reward,win_rate
ordinary-314512,dmc|dmc|greedy,0,108100,0.0,8,2,3.0,-1.0,0.0
ordinary-314512,dmc|dmc|greedy,1,108101,0.0,8,3,3.0,-1.0,0.0
ordinary-314512,dmc|dmc|greedy,2,108102,0.0,8,4,3.0,-1.0,0.0
ordinary-314512,dmc|dmc|greedy,3,108103,0.0,8,5,2.75,-1.0,0.0
ordinary-314512,dmc|dmc|greedy,4,108104,0.0,8,6,3.0,-1.0,0.0
ordinary-314512,dmc|dmc|greedy,5,108105,0.0,8,7,3.0,-1.0,0.0
ordinary-314512,dmc|dmc|greedy,6,108106,0.0,8,8,3.0,-1.0,0.0
ordinary-314512,dmc|dmc|greedy,7,108107,0.0,8,9,3.0,-1.0,0.0
ordinary-314512,dmc|dmc|greedy,8,108108,0.0,8,10,3.0,-1.0,0.0
ordinary-314512,dmc|dmc|greedy,9,108109,0.0,8,11,3.0,-1.0,0.0
ordinary-314512,dmc|dmc|greedy,10,108110,0.0,8,12,3.0,-1.0,0.0
ordinary-314512,dmc|dmc|greedy,11,108111,0.0,8,13,3.0,-1.0,0.0
ordinary-314512,dmc|dmc|greedy,12,108112,0.0,8,14,2.75,-1.0,0.0
ordinary-314512,dmc|dmc|greedy,13,108113,0.0,8,2,3.0,-1.0,0.0
ordinary-314512,dmc|dmc|greedy,14,108114,0.0,8,3,3.0,-1.0,0.0
ordinary-314512,dmc|dmc|greedy,15,108115,0.0,8,4,3.0,-1.0,0.0
ordinary-314512,dmc|dmc|greedy,16,108116,0.0,8,5,3.0,-1.0,0.0
ordinary-314512,dmc|dmc|greedy,17,108117,0.0,8,6,3.0,-1.0,0.0
ordinary-314512,dmc|dmc|greedy,18,108118,0.0,8,7,2.875,-1.0,0.0
ordinary-314512,dmc|dmc|greedy,19,108119,0.0,8,8,3.0,-1.0,0.0
ordinary-314512,dmc|dmc|greedy,20,108120,0.0,8,9,3.0,-1.0,0.0
ordinary-314512,dmc|dmc|greedy,21,108121,0.0,8,10,3.0,-1.0,0.0
ordinary-314512,dmc|dmc|greedy,22,108122,0.0,8,11,3.0,-1.0,0.0
ordinary-314512,dmc|dmc|greedy,23,108123,0.0,8,12,2.625,-1.0,0.0
ordinary-314512,dmc|dmc|greedy,24,108124,0.0,8,13,2.75,-1.0,0.0
ordinary-314512,dmc|dmc|greedy,25,108125,0.0,8,14,3.0,-1.0,0.0
label_balanced-314512,dmc|dmc|greedy,0,108100,0.0,8,2,3.0,-1.0,0.0
label_balanced-314512,dmc|dmc|greedy,1,108101,0.0,8,3,3.0,-1.0,0.0
label_balanced-314512,dmc|dmc|greedy,2,108102,0.0,8,4,3.0,-1.0,0.0
label_balanced-314512,dmc|dmc|greedy,3,108103,0.0,8,5,3.0,-1.0,0.0
label_balanced-314512,dmc|dmc|greedy,4,108104,0.0,8,6,3.0,-1.0,0.0
label_balanced-314512,dmc|dmc|greedy,5,108105,0.0,8,7,3.0,-1.0,0.0
label_balanced-314512,dmc|dmc|greedy,6,108106,0.0,8,8,3.0,-1.0,0.0
label_balanced-314512,dmc|dmc|greedy,7,108107,0.0,8,9,3.0,-1.0,0.0
label_balanced-314512,dmc|dmc|greedy,8,108108,0.0,8,10,3.0,-1.0,0.0
label_balanced-314512,dmc|dmc|greedy,9,108109,0.0,8,11,3.0,-1.0,0.0
label_balanced-314512,dmc|dmc|greedy,10,108110,0.0,8,12,3.0,-1.0,0.0
label_balanced-314512,dmc|dmc|greedy,11,108111,0.0,8,13,3.0,-1.0,0.0
label_balanced-314512,dmc|dmc|greedy,12,108112,0.0,8,14,3.0,-1.0,0.0
label_balanced-314512,dmc|dmc|greedy,13,108113,0.0,8,2,3.0,-1.0,0.0
label_balanced-314512,dmc|dmc|greedy,14,108114,0.0,8,3,3.0,-1.0,0.0
label_balanced-314512,dmc|dmc|greedy,15,108115,0.0,8,4,3.0,-1.0,0.0
label_balanced-314512,dmc|dmc|greedy,16,108116,0.0,8,5,3.0,-1.0,0.0
label_balanced-314512,dmc|dmc|greedy,17,108117,0.0,8,6,3.0,-1.0,0.0
label_balanced-314512,dmc|dmc|greedy,18,108118,0.0,8,7,3.0,-1.0,0.0
label_balanced-314512,dmc|dmc|greedy,19,108119,0.0,8,8,3.0,-1.0,0.0
label_balanced-314512,dmc|dmc|greedy,20,108120,0.0,8,9,3.0,-1.0,0.0
label_balanced-314512,dmc|dmc|greedy,21,108121,0.0,8,10,3.0,-1.0,0.0
label_balanced-314512,dmc|dmc|greedy,22,108122,0.0,8,11,3.0,-1.0,0.0
label_balanced-314512,dmc|dmc|greedy,23,108123,0.0,8,12,3.0,-1.0,0.0
label_balanced-314512,dmc|dmc|greedy,24,108124,0.0,8,13,2.75,-1.0,0.0
label_balanced-314512,dmc|dmc|greedy,25,108125,0.0,8,14,3.0,-1.0,0.0
label_balanced-314510,dmc|dmc|greedy,0,108100,0.0,8,2,3.0,-1.0,0.0
label_balanced-314510,dmc|dmc|greedy,1,108101,0.0,8,3,3.0,-1.0,0.0
label_balanced-314510,dmc|dmc|greedy,2,108102,0.0,8,4,3.0,-1.0,0.0
label_balanced-314510,dmc|dmc|greedy,3,108103,0.0,8,5,3.0,-1.0,0.0
label_balanced-314510,dmc|dmc|greedy,4,108104,0.0,8,6,3.0,-1.0,0.0
label_balanced-314510,dmc|dmc|greedy,5,108105,0.0,8,7,3.0,-1.0,0.0
label_balanced-314510,dmc|dmc|greedy,6,108106,0.0,8,8,3.0,-1.0,0.0
label_balanced-314510,dmc|dmc|greedy,7,108107,0.0,8,9,3.0,-1.0,0.0
label_balanced-314510,dmc|dmc|greedy,8,108108,0.125,8,10,2.625,-0.75,0.125
label_balanced-314510,dmc|dmc|greedy,9,108109,0.0,8,11,3.0,-1.0,0.0
label_balanced-314510,dmc|dmc|greedy,10,108110,0.0,8,12,3.0,-1.0,0.0
label_balanced-314510,dmc|dmc|greedy,11,108111,0.0,8,13,3.0,-1.0,0.0
label_balanced-314510,dmc|dmc|greedy,12,108112,0.0,8,14,3.0,-1.0,0.0
label_balanced-314510,dmc|dmc|greedy,13,108113,0.0,8,2,3.0,-1.0,0.0
label_balanced-314510,dmc|dmc|greedy,14,108114,0.0,8,3,3.0,-1.0,0.0
label_balanced-314510,dmc|dmc|greedy,15,108115,0.0,8,4,3.0,-1.0,0.0
label_balanced-314510,dmc|dmc|greedy,16,108116,0.0,8,5,3.0,-1.0,0.0
label_balanced-314510,dmc|dmc|greedy,17,108117,0.0,8,6,3.0,-1.0,0.0
label_balanced-314510,dmc|dmc|greedy,18,108118,0.0,8,7,3.0,-1.0,0.0
label_balanced-314510,dmc|dmc|greedy,19,108119,0.0,8,8,3.0,-1.0,0.0
label_balanced-314510,dmc|dmc|greedy,20,108120,0.0,8,9,3.0,-1.0,0.0
label_balanced-314510,dmc|dmc|greedy,21,108121,0.0,8,10,3.0,-1.0,0.0
label_balanced-314510,dmc|dmc|greedy,22,108122,0.0,8,11,3.0,-1.0,0.0
label_balanced-314510,dmc|dmc|greedy,23,108123,0.0,8,12,3.0,-1.0,0.0
label_balanced-314510,dmc|dmc|greedy,24,108124,0.0,8,13,3.0,-1.0,0.0
label_balanced-314510,dmc|dmc|greedy,25,108125,0.0,8,14,2.875,-1.0,0.0
ordinary-314510,dmc|dmc|greedy,0,108100,0.0,8,2,2.875,-1.0,0.0
ordinary-314510,dmc|dmc|greedy,1,108101,0.0,8,3,3.0,-1.0,0.0
ordinary-314510,dmc|dmc|greedy,2,108102,0.0,8,4,2.625,-1.0,0.0
ordinary-314510,dmc|dmc|greedy,3,108103,0.0,8,5,2.875,-1.0,0.0
ordinary-314510,dmc|dmc|greedy,4,108104,0.0,8,6,2.875,-1.0,0.0
ordinary-314510,dmc|dmc|greedy,5,108105,0.0,8,7,2.875,-1.0,0.0
ordinary-314510,dmc|dmc|greedy,6,108106,0.0,8,8,3.0,-1.0,0.0
ordinary-314510,dmc|dmc|greedy,7,108107,0.0,8,9,3.0,-1.0,0.0
ordinary-314510,dmc|dmc|greedy,8,108108,0.0,8,10,2.75,-1.0,0.0
ordinary-314510,dmc|dmc|greedy,9,108109,0.0,8,11,2.875,-1.0,0.0
ordinary-314510,dmc|dmc|greedy,10,108110,0.0,8,12,3.0,-1.0,0.0
ordinary-314510,dmc|dmc|greedy,11,108111,0.0,8,13,3.0,-1.0,0.0
ordinary-314510,dmc|dmc|greedy,12,108112,0.0,8,14,3.0,-1.0,0.0
ordinary-314510,dmc|dmc|greedy,13,108113,0.0,8,2,2.5,-1.0,0.0
ordinary-314510,dmc|dmc|greedy,14,108114,0.0,8,3,3.0,-1.0,0.0
ordinary-314510,dmc|dmc|greedy,15,108115,0.0,8,4,3.0,-1.0,0.0
ordinary-314510,dmc|dmc|greedy,16,108116,0.0,8,5,3.0,-1.0,0.0
ordinary-314510,dmc|dmc|greedy,17,108117,0.0,8,6,3.0,-1.0,0.0
ordinary-314510,dmc|dmc|greedy,18,108118,0.0,8,7,3.0,-1.0,0.0
ordinary-314510,dmc|dmc|greedy,19,108119,0.0,8,8,3.0,-1.0,0.0
ordinary-314510,dmc|dmc|greedy,20,108120,0.0,8,9,3.0,-1.0,0.0
ordinary-314510,dmc|dmc|greedy,21,108121,0.0,8,10,2.875,-1.0,0.0
ordinary-314510,dmc|dmc|greedy,22,108122,0.0,8,11,3.0,-1.0,0.0
ordinary-314510,dmc|dmc|greedy,23,108123,0.0,8,12,2.75,-1.0,0.0
ordinary-314510,dmc|dmc|greedy,24,108124,0.0,8,13,3.0,-1.0,0.0
ordinary-314510,dmc|dmc|greedy,25,108125,0.0,8,14,2.875,-1.0,0.0
label_balanced-314511,dmc|dmc|greedy,0,108100,0.0,8,2,2.625,-1.0,0.0
label_balanced-314511,dmc|dmc|greedy,1,108101,0.0,8,3,2.75,-1.0,0.0
label_balanced-314511,dmc|dmc|greedy,2,108102,0.0,8,4,2.25,-1.0,0.0
label_balanced-314511,dmc|dmc|greedy,3,108103,0.0,8,5,2.75,-1.0,0.0
label_balanced-314511,dmc|dmc|greedy,4,108104,0.0,8,6,2.75,-1.0,0.0
label_balanced-314511,dmc|dmc|greedy,5,108105,0.0,8,7,2.5,-1.0,0.0
label_balanced-314511,dmc|dmc|greedy,6,108106,0.0,8,8,2.75,-1.0,0.0
label_balanced-314511,dmc|dmc|greedy,7,108107,0.0,8,9,3.0,-1.0,0.0
label_balanced-314511,dmc|dmc|greedy,8,108108,0.0,8,10,2.5,-1.0,0.0
label_balanced-314511,dmc|dmc|greedy,9,108109,0.0,8,11,3.0,-1.0,0.0
label_balanced-314511,dmc|dmc|greedy,10,108110,0.0,8,12,2.75,-1.0,0.0
label_balanced-314511,dmc|dmc|greedy,11,108111,0.125,8,13,2.375,-0.75,0.125
label_balanced-314511,dmc|dmc|greedy,12,108112,0.0,8,14,2.75,-1.0,0.0
label_balanced-314511,dmc|dmc|greedy,13,108113,0.0,8,2,3.0,-1.0,0.0
label_balanced-314511,dmc|dmc|greedy,14,108114,0.0,8,3,2.375,-1.0,0.0
label_balanced-314511,dmc|dmc|greedy,15,108115,0.0,8,4,3.0,-1.0,0.0
label_balanced-314511,dmc|dmc|greedy,16,108116,0.0,8,5,2.875,-1.0,0.0
label_balanced-314511,dmc|dmc|greedy,17,108117,0.125,8,6,2.625,-0.75,0.125
label_balanced-314511,dmc|dmc|greedy,18,108118,0.0,8,7,3.0,-1.0,0.0
label_balanced-314511,dmc|dmc|greedy,19,108119,0.0,8,8,3.0,-1.0,0.0
label_balanced-314511,dmc|dmc|greedy,20,108120,0.0,8,9,3.0,-1.0,0.0
label_balanced-314511,dmc|dmc|greedy,21,108121,0.25,8,10,2.0,-0.5,0.25
label_balanced-314511,dmc|dmc|greedy,22,108122,0.0,8,11,2.75,-1.0,0.0
label_balanced-314511,dmc|dmc|greedy,23,108123,0.0,8,12,3.0,-1.0,0.0
label_balanced-314511,dmc|dmc|greedy,24,108124,0.0,8,13,3.0,-1.0,0.0
label_balanced-314511,dmc|dmc|greedy,25,108125,0.0,8,14,2.625,-1.0,0.0
ordinary-314511,dmc|dmc|greedy,0,108100,0.0,8,2,2.375,-1.0,0.0
ordinary-314511,dmc|dmc|greedy,1,108101,0.375,8,3,2.125,-0.5,0.25
ordinary-314511,dmc|dmc|greedy,2,108102,0.125,8,4,2.25,-0.75,0.125
ordinary-314511,dmc|dmc|greedy,3,108103,0.0,8,5,2.25,-1.0,0.0
ordinary-314511,dmc|dmc|greedy,4,108104,0.5,8,6,1.125,-0.25,0.375
ordinary-314511,dmc|dmc|greedy,5,108105,0.0,8,7,2.5,-1.0,0.0
ordinary-314511,dmc|dmc|greedy,6,108106,0.0,8,8,2.625,-1.0,0.0
ordinary-314511,dmc|dmc|greedy,7,108107,0.125,8,9,2.0,-0.75,0.125
ordinary-314511,dmc|dmc|greedy,8,108108,0.375,8,10,2.125,-0.75,0.125
ordinary-314511,dmc|dmc|greedy,9,108109,0.0,8,11,2.75,-1.0,0.0
ordinary-314511,dmc|dmc|greedy,10,108110,1.0,8,12,1.125,-0.25,0.375
ordinary-314511,dmc|dmc|greedy,11,108111,0.5,8,13,1.75,-0.5,0.25
ordinary-314511,dmc|dmc|greedy,12,108112,0.0,8,14,2.625,-1.0,0.0
ordinary-314511,dmc|dmc|greedy,13,108113,0.0,8,2,3.0,-1.0,0.0
ordinary-314511,dmc|dmc|greedy,14,108114,0.25,8,3,1.875,-0.75,0.125
ordinary-314511,dmc|dmc|greedy,15,108115,0.0,8,4,1.875,-1.0,0.0
ordinary-314511,dmc|dmc|greedy,16,108116,0.125,8,5,2.0,-0.75,0.125
ordinary-314511,dmc|dmc|greedy,17,108117,0.0,8,6,2.5,-1.0,0.0
ordinary-314511,dmc|dmc|greedy,18,108118,0.125,8,7,2.25,-0.75,0.125
ordinary-314511,dmc|dmc|greedy,19,108119,0.0,8,8,2.625,-1.0,0.0
ordinary-314511,dmc|dmc|greedy,20,108120,0.5,8,9,1.125,-0.5,0.25
ordinary-314511,dmc|dmc|greedy,21,108121,0.25,8,10,2.0,-0.5,0.25
ordinary-314511,dmc|dmc|greedy,22,108122,0.0,8,11,2.375,-1.0,0.0
ordinary-314511,dmc|dmc|greedy,23,108123,0.25,8,12,2.5,-0.75,0.125
ordinary-314511,dmc|dmc|greedy,24,108124,0.0,8,13,2.375,-1.0,0.0
ordinary-314511,dmc|dmc|greedy,25,108125,0.125,8,14,1.75,-0.75,0.125
validation-ordinary,dmc|dmc|greedy,0,208000,0.0,8,2,3.0,-1.0,0.0
validation-ordinary,dmc|dmc|greedy,1,208001,0.0,8,3,3.0,-1.0,0.0
validation-ordinary,dmc|dmc|greedy,2,208002,0.0,8,4,3.0,-1.0,0.0
validation-ordinary,dmc|dmc|greedy,3,208003,0.0,8,5,3.0,-1.0,0.0
validation-ordinary,dmc|dmc|greedy,4,208004,0.0,8,6,3.0,-1.0,0.0
validation-ordinary,dmc|dmc|greedy,5,208005,0.0,8,7,3.0,-1.0,0.0
validation-ordinary,dmc|dmc|greedy,6,208006,0.0,8,8,2.875,-1.0,0.0
validation-ordinary,dmc|dmc|greedy,7,208007,0.0,8,9,2.75,-1.0,0.0
validation-ordinary,dmc|dmc|greedy,8,208008,0.0,8,10,3.0,-1.0,0.0
validation-ordinary,dmc|dmc|greedy,9,208009,0.0,8,11,3.0,-1.0,0.0
validation-ordinary,dmc|dmc|greedy,10,208010,0.0,8,12,3.0,-1.0,0.0
validation-ordinary,dmc|dmc|greedy,11,208011,0.0,8,13,3.0,-1.0,0.0
validation-ordinary,dmc|dmc|greedy,12,208012,0.0,8,14,3.0,-1.0,0.0
validation-ordinary,dmc|dmc|greedy,13,208013,0.0,8,2,3.0,-1.0,0.0
validation-ordinary,dmc|dmc|greedy,14,208014,0.0,8,3,3.0,-1.0,0.0
validation-ordinary,dmc|dmc|greedy,15,208015,0.0,8,4,3.0,-1.0,0.0
validation-ordinary,dmc|dmc|greedy,16,208016,0.0,8,5,3.0,-1.0,0.0
validation-ordinary,dmc|dmc|greedy,17,208017,0.0,8,6,3.0,-1.0,0.0
validation-ordinary,dmc|dmc|greedy,18,208018,0.0,8,7,3.0,-1.0,0.0
validation-ordinary,dmc|dmc|greedy,19,208019,0.125,8,8,2.125,-0.75,0.125
validation-ordinary,dmc|dmc|greedy,20,208020,0.0,8,9,2.75,-1.0,0.0
validation-ordinary,dmc|dmc|greedy,21,208021,0.0,8,10,3.0,-1.0,0.0
validation-ordinary,dmc|dmc|greedy,22,208022,0.0,8,11,2.75,-1.0,0.0
validation-ordinary,dmc|dmc|greedy,23,208023,0.125,8,12,2.25,-0.75,0.125
validation-ordinary,dmc|dmc|greedy,24,208024,0.375,8,13,2.625,-0.75,0.125
validation-ordinary,dmc|dmc|greedy,25,208025,0.0,8,14,2.875,-1.0,0.0
validation-ordinary,dmc|dmc|greedy,26,208026,0.0,8,2,3.0,-1.0,0.0
validation-ordinary,dmc|dmc|greedy,27,208027,0.0,8,3,3.0,-1.0,0.0
validation-ordinary,dmc|dmc|greedy,28,208028,0.0,8,4,3.0,-1.0,0.0
validation-ordinary,dmc|dmc|greedy,29,208029,0.0,8,5,3.0,-1.0,0.0
validation-ordinary,dmc|dmc|greedy,30,208030,0.125,8,6,2.625,-0.75,0.125
validation-ordinary,dmc|dmc|greedy,31,208031,0.0,8,7,3.0,-1.0,0.0
validation-ordinary,dmc|dmc|greedy,32,208032,0.0,8,8,2.75,-1.0,0.0
validation-ordinary,dmc|dmc|greedy,33,208033,0.0,8,9,2.75,-1.0,0.0
validation-ordinary,dmc|dmc|greedy,34,208034,0.0,8,10,3.0,-1.0,0.0
validation-ordinary,dmc|dmc|greedy,35,208035,0.0,8,11,2.75,-1.0,0.0
validation-ordinary,dmc|dmc|greedy,36,208036,0.0,8,12,3.0,-1.0,0.0
validation-ordinary,dmc|dmc|greedy,37,208037,0.0,8,13,3.0,-1.0,0.0
validation-ordinary,dmc|dmc|greedy,38,208038,0.0,8,14,3.0,-1.0,0.0
validation-ordinary,dmc|dmc|greedy,39,208039,0.0,8,2,2.5,-1.0,0.0
validation-ordinary,dmc|dmc|greedy,40,208040,0.0,8,3,3.0,-1.0,0.0
validation-ordinary,dmc|dmc|greedy,41,208041,0.0,8,4,2.75,-1.0,0.0
validation-ordinary,dmc|dmc|greedy,42,208042,0.0,8,5,2.75,-1.0,0.0
validation-ordinary,dmc|dmc|greedy,43,208043,0.0,8,6,3.0,-1.0,0.0
validation-ordinary,dmc|dmc|greedy,44,208044,0.0,8,7,2.75,-1.0,0.0
validation-ordinary,dmc|dmc|greedy,45,208045,0.0,8,8,3.0,-1.0,0.0
validation-ordinary,dmc|dmc|greedy,46,208046,0.0,8,9,2.625,-1.0,0.0
validation-ordinary,dmc|dmc|greedy,47,208047,0.125,8,10,2.375,-0.75,0.125
validation-ordinary,dmc|dmc|greedy,48,208048,0.0,8,11,3.0,-1.0,0.0
validation-ordinary,dmc|dmc|greedy,49,208049,0.0,8,12,3.0,-1.0,0.0
validation-ordinary,dmc|dmc|greedy,50,208050,0.0,8,13,3.0,-1.0,0.0
validation-ordinary,dmc|dmc|greedy,51,208051,0.0,8,14,3.0,-1.0,0.0
validation-ordinary,dmc|dmc|greedy,52,208052,0.0,8,2,2.875,-1.0,0.0
validation-ordinary,dmc|dmc|greedy,53,208053,0.0,8,3,2.875,-1.0,0.0
validation-ordinary,dmc|dmc|greedy,54,208054,0.0,8,4,3.0,-1.0,0.0
validation-ordinary,dmc|dmc|greedy,55,208055,0.0,8,5,3.0,-1.0,0.0
validation-ordinary,dmc|dmc|greedy,56,208056,0.0,8,6,3.0,-1.0,0.0
validation-ordinary,dmc|dmc|greedy,57,208057,0.0,8,7,3.0,-1.0,0.0
validation-ordinary,dmc|dmc|greedy,58,208058,0.0,8,8,3.0,-1.0,0.0
validation-ordinary,dmc|dmc|greedy,59,208059,0.0,8,9,3.0,-1.0,0.0
validation-ordinary,dmc|dmc|greedy,60,208060,0.0,8,10,2.875,-1.0,0.0
validation-ordinary,dmc|dmc|greedy,61,208061,0.0,8,11,2.375,-1.0,0.0
validation-ordinary,dmc|dmc|greedy,62,208062,0.0,8,12,3.0,-1.0,0.0
validation-ordinary,dmc|dmc|greedy,63,208063,0.0,8,13,3.0,-1.0,0.0
validation-ordinary,dmc|dmc|greedy,64,208064,0.125,8,14,2.5,-0.75,0.125
validation-ordinary,dmc|dmc|random,0,208000,0.0,8,2,2.625,-1.0,0.0
validation-ordinary,dmc|dmc|random,1,208001,0.0,8,3,2.875,-1.0,0.0
validation-ordinary,dmc|dmc|random,2,208002,0.375,8,4,2.625,-0.75,0.125
validation-ordinary,dmc|dmc|random,3,208003,0.125,8,5,2.5,-0.75,0.125
validation-ordinary,dmc|dmc|random,4,208004,0.25,8,6,2.0,-0.5,0.25
validation-ordinary,dmc|dmc|random,5,208005,0.0,8,7,2.75,-1.0,0.0
validation-ordinary,dmc|dmc|random,6,208006,0.125,8,8,1.875,-0.75,0.125
validation-ordinary,dmc|dmc|random,7,208007,0.5,8,9,1.875,-0.25,0.375
validation-ordinary,dmc|dmc|random,8,208008,0.0,8,10,3.0,-1.0,0.0
validation-ordinary,dmc|dmc|random,9,208009,0.25,8,11,2.25,-0.5,0.25
validation-ordinary,dmc|dmc|random,10,208010,0.125,8,12,2.5,-0.75,0.125
validation-ordinary,dmc|dmc|random,11,208011,0.0,8,13,2.625,-1.0,0.0
validation-ordinary,dmc|dmc|random,12,208012,0.125,8,14,2.5,-0.75,0.125
validation-ordinary,dmc|dmc|random,13,208013,0.125,8,2,2.0,-0.75,0.125
validation-ordinary,dmc|dmc|random,14,208014,0.125,8,3,2.0,-0.75,0.125
validation-ordinary,dmc|dmc|random,15,208015,0.0,8,4,3.0,-1.0,0.0
validation-ordinary,dmc|dmc|random,16,208016,0.0,8,5,2.625,-1.0,0.0
validation-ordinary,dmc|dmc|random,17,208017,0.125,8,6,2.625,-0.75,0.125
validation-ordinary,dmc|dmc|random,18,208018,0.0,8,7,2.875,-1.0,0.0
validation-ordinary,dmc|dmc|random,19,208019,0.125,8,8,2.25,-0.75,0.125
validation-ordinary,dmc|dmc|random,20,208020,0.125,8,9,2.625,-0.75,0.125
validation-ordinary,dmc|dmc|random,21,208021,0.0,8,10,2.75,-1.0,0.0
validation-ordinary,dmc|dmc|random,22,208022,0.0,8,11,2.75,-1.0,0.0
validation-ordinary,dmc|dmc|random,23,208023,0.0,8,12,2.5,-1.0,0.0
validation-ordinary,dmc|dmc|random,24,208024,0.0,8,13,3.0,-1.0,0.0
validation-ordinary,dmc|dmc|random,25,208025,0.0,8,14,3.0,-1.0,0.0
validation-ordinary,dmc|dmc|random,26,208026,0.0,8,2,2.625,-1.0,0.0
validation-ordinary,dmc|dmc|random,27,208027,0.0,8,3,3.0,-1.0,0.0
validation-ordinary,dmc|dmc|random,28,208028,0.0,8,4,2.75,-1.0,0.0
validation-ordinary,dmc|dmc|random,29,208029,0.0,8,5,3.0,-1.0,0.0
validation-ordinary,dmc|dmc|random,30,208030,0.25,8,6,1.75,-0.5,0.25
validation-ordinary,dmc|dmc|random,31,208031,0.0,8,7,3.0,-1.0,0.0
validation-ordinary,dmc|dmc|random,32,208032,0.125,8,8,2.5,-0.75,0.125
validation-ordinary,dmc|dmc|random,33,208033,0.0,8,9,2.75,-1.0,0.0
validation-ordinary,dmc|dmc|random,34,208034,0.0,8,10,2.75,-1.0,0.0
validation-ordinary,dmc|dmc|random,35,208035,0.125,8,11,2.5,-0.75,0.125
validation-ordinary,dmc|dmc|random,36,208036,0.0,8,12,2.5,-1.0,0.0
validation-ordinary,dmc|dmc|random,37,208037,0.25,8,13,2.0,-0.5,0.25
validation-ordinary,dmc|dmc|random,38,208038,0.0,8,14,3.0,-1.0,0.0
validation-ordinary,dmc|dmc|random,39,208039,0.375,8,2,1.75,-0.5,0.25
validation-ordinary,dmc|dmc|random,40,208040,0.0,8,3,3.0,-1.0,0.0
validation-ordinary,dmc|dmc|random,41,208041,0.125,8,4,2.625,-0.75,0.125
validation-ordinary,dmc|dmc|random,42,208042,0.0,8,5,2.5,-1.0,0.0
validation-ordinary,dmc|dmc|random,43,208043,0.0,8,6,2.875,-1.0,0.0
validation-ordinary,dmc|dmc|random,44,208044,0.0,8,7,2.75,-1.0,0.0
validation-ordinary,dmc|dmc|random,45,208045,0.0,8,8,2.75,-1.0,0.0
validation-ordinary,dmc|dmc|random,46,208046,0.0,8,9,2.625,-1.0,0.0
validation-ordinary,dmc|dmc|random,47,208047,0.25,8,10,1.875,-0.5,0.25
validation-ordinary,dmc|dmc|random,48,208048,0.0,8,11,2.75,-1.0,0.0
validation-ordinary,dmc|dmc|random,49,208049,0.0,8,12,2.875,-1.0,0.0
validation-ordinary,dmc|dmc|random,50,208050,0.125,8,13,2.625,-0.75,0.125
validation-ordinary,dmc|dmc|random,51,208051,0.0,8,14,2.375,-1.0,0.0
validation-ordinary,dmc|dmc|random,52,208052,0.0,8,2,2.875,-1.0,0.0
validation-ordinary,dmc|dmc|random,53,208053,0.125,8,3,2.25,-0.75,0.125
validation-ordinary,dmc|dmc|random,54,208054,0.0,8,4,3.0,-1.0,0.0
validation-ordinary,dmc|dmc|random,55,208055,0.0,8,5,2.875,-1.0,0.0
validation-ordinary,dmc|dmc|random,56,208056,0.0,8,6,2.75,-1.0,0.0
validation-ordinary,dmc|dmc|random,57,208057,0.125,8,7,2.375,-0.75,0.125
validation-ordinary,dmc|dmc|random,58,208058,0.0,8,8,2.875,-1.0,0.0
validation-ordinary,dmc|dmc|random,59,208059,0.0,8,9,2.25,-1.0,0.0
validation-ordinary,dmc|dmc|random,60,208060,0.0,8,10,2.875,-1.0,0.0
validation-ordinary,dmc|dmc|random,61,208061,0.0,8,11,3.0,-1.0,0.0
validation-ordinary,dmc|dmc|random,62,208062,0.0,8,12,2.75,-1.0,0.0
validation-ordinary,dmc|dmc|random,63,208063,0.0,8,13,2.375,-1.0,0.0
validation-ordinary,dmc|dmc|random,64,208064,0.125,8,14,2.0,-0.75,0.125
validation-ordinary,dmc|dmc|team,0,208000,0.0,8,2,3.0,-1.0,0.0
validation-ordinary,dmc|dmc|team,1,208001,0.0,8,3,3.0,-1.0,0.0
validation-ordinary,dmc|dmc|team,2,208002,0.0,8,4,3.0,-1.0,0.0
validation-ordinary,dmc|dmc|team,3,208003,0.0,8,5,3.0,-1.0,0.0
validation-ordinary,dmc|dmc|team,4,208004,0.0,8,6,3.0,-1.0,0.0
validation-ordinary,dmc|dmc|team,5,208005,0.0,8,7,3.0,-1.0,0.0
validation-ordinary,dmc|dmc|team,6,208006,0.0,8,8,3.0,-1.0,0.0
validation-ordinary,dmc|dmc|team,7,208007,0.0,8,9,3.0,-1.0,0.0
validation-ordinary,dmc|dmc|team,8,208008,0.0,8,10,3.0,-1.0,0.0
validation-ordinary,dmc|dmc|team,9,208009,0.0,8,11,3.0,-1.0,0.0
validation-ordinary,dmc|dmc|team,10,208010,0.0,8,12,3.0,-1.0,0.0
validation-ordinary,dmc|dmc|team,11,208011,0.0,8,13,3.0,-1.0,0.0
validation-ordinary,dmc|dmc|team,12,208012,0.0,8,14,3.0,-1.0,0.0
validation-ordinary,dmc|dmc|team,13,208013,0.0,8,2,3.0,-1.0,0.0
validation-ordinary,dmc|dmc|team,14,208014,0.0,8,3,3.0,-1.0,0.0
validation-ordinary,dmc|dmc|team,15,208015,0.0,8,4,3.0,-1.0,0.0
validation-ordinary,dmc|dmc|team,16,208016,0.0,8,5,3.0,-1.0,0.0
validation-ordinary,dmc|dmc|team,17,208017,0.0,8,6,3.0,-1.0,0.0
validation-ordinary,dmc|dmc|team,18,208018,0.0,8,7,3.0,-1.0,0.0
validation-ordinary,dmc|dmc|team,19,208019,0.0,8,8,2.875,-1.0,0.0
validation-ordinary,dmc|dmc|team,20,208020,0.0,8,9,3.0,-1.0,0.0
validation-ordinary,dmc|dmc|team,21,208021,0.0,8,10,3.0,-1.0,0.0
validation-ordinary,dmc|dmc|team,22,208022,0.0,8,11,3.0,-1.0,0.0
validation-ordinary,dmc|dmc|team,23,208023,0.125,8,12,2.5,-0.75,0.125
validation-ordinary,dmc|dmc|team,24,208024,0.0,8,13,2.875,-1.0,0.0
validation-ordinary,dmc|dmc|team,25,208025,0.0,8,14,3.0,-1.0,0.0
validation-ordinary,dmc|dmc|team,26,208026,0.0,8,2,3.0,-1.0,0.0
validation-ordinary,dmc|dmc|team,27,208027,0.0,8,3,3.0,-1.0,0.0
validation-ordinary,dmc|dmc|team,28,208028,0.0,8,4,3.0,-1.0,0.0
validation-ordinary,dmc|dmc|team,29,208029,0.0,8,5,3.0,-1.0,0.0
validation-ordinary,dmc|dmc|team,30,208030,0.0,8,6,3.0,-1.0,0.0
validation-ordinary,dmc|dmc|team,31,208031,0.0,8,7,3.0,-1.0,0.0
validation-ordinary,dmc|dmc|team,32,208032,0.0,8,8,3.0,-1.0,0.0
validation-ordinary,dmc|dmc|team,33,208033,0.0,8,9,3.0,-1.0,0.0
validation-ordinary,dmc|dmc|team,34,208034,0.0,8,10,3.0,-1.0,0.0
validation-ordinary,dmc|dmc|team,35,208035,0.0,8,11,3.0,-1.0,0.0
validation-ordinary,dmc|dmc|team,36,208036,0.0,8,12,3.0,-1.0,0.0
validation-ordinary,dmc|dmc|team,37,208037,0.0,8,13,3.0,-1.0,0.0
validation-ordinary,dmc|dmc|team,38,208038,0.0,8,14,3.0,-1.0,0.0
validation-ordinary,dmc|dmc|team,39,208039,0.0,8,2,2.75,-1.0,0.0
validation-ordinary,dmc|dmc|team,40,208040,0.0,8,3,3.0,-1.0,0.0
validation-ordinary,dmc|dmc|team,41,208041,0.0,8,4,3.0,-1.0,0.0
validation-ordinary,dmc|dmc|team,42,208042,0.0,8,5,3.0,-1.0,0.0
validation-ordinary,dmc|dmc|team,43,208043,0.0,8,6,3.0,-1.0,0.0
validation-ordinary,dmc|dmc|team,44,208044,0.0,8,7,3.0,-1.0,0.0
validation-ordinary,dmc|dmc|team,45,208045,0.0,8,8,3.0,-1.0,0.0
validation-ordinary,dmc|dmc|team,46,208046,0.0,8,9,3.0,-1.0,0.0
validation-ordinary,dmc|dmc|team,47,208047,0.5,8,10,1.5,0.0,0.5
validation-ordinary,dmc|dmc|team,48,208048,0.0,8,11,3.0,-1.0,0.0
validation-ordinary,dmc|dmc|team,49,208049,0.0,8,12,3.0,-1.0,0.0
validation-ordinary,dmc|dmc|team,50,208050,0.0,8,13,3.0,-1.0,0.0
validation-ordinary,dmc|dmc|team,51,208051,0.0,8,14,3.0,-1.0,0.0
validation-ordinary,dmc|dmc|team,52,208052,0.0,8,2,3.0,-1.0,0.0
validation-ordinary,dmc|dmc|team,53,208053,0.0,8,3,3.0,-1.0,0.0
validation-ordinary,dmc|dmc|team,54,208054,0.0,8,4,2.75,-1.0,0.0
validation-ordinary,dmc|dmc|team,55,208055,0.0,8,5,3.0,-1.0,0.0
validation-ordinary,dmc|dmc|team,56,208056,0.0,8,6,3.0,-1.0,0.0
validation-ordinary,dmc|dmc|team,57,208057,0.0,8,7,3.0,-1.0,0.0
validation-ordinary,dmc|dmc|team,58,208058,0.0,8,8,3.0,-1.0,0.0
validation-ordinary,dmc|dmc|team,59,208059,0.0,8,9,3.0,-1.0,0.0
validation-ordinary,dmc|dmc|team,60,208060,0.0,8,10,2.875,-1.0,0.0
validation-ordinary,dmc|dmc|team,61,208061,0.0,8,11,3.0,-1.0,0.0
validation-ordinary,dmc|dmc|team,62,208062,0.0,8,12,3.0,-1.0,0.0
validation-ordinary,dmc|dmc|team,63,208063,0.0,8,13,3.0,-1.0,0.0
validation-ordinary,dmc|dmc|team,64,208064,0.0,8,14,2.625,-1.0,0.0
validation-label_balanced,dmc|dmc|greedy,0,208000,0.0,8,2,3.0,-1.0,0.0
validation-label_balanced,dmc|dmc|greedy,1,208001,0.0,8,3,3.0,-1.0,0.0
validation-label_balanced,dmc|dmc|greedy,2,208002,0.0,8,4,3.0,-1.0,0.0
validation-label_balanced,dmc|dmc|greedy,3,208003,0.0,8,5,3.0,-1.0,0.0
validation-label_balanced,dmc|dmc|greedy,4,208004,0.0,8,6,3.0,-1.0,0.0
validation-label_balanced,dmc|dmc|greedy,5,208005,0.0,8,7,3.0,-1.0,0.0
validation-label_balanced,dmc|dmc|greedy,6,208006,0.0,8,8,3.0,-1.0,0.0
validation-label_balanced,dmc|dmc|greedy,7,208007,0.0,8,9,3.0,-1.0,0.0
validation-label_balanced,dmc|dmc|greedy,8,208008,0.0,8,10,3.0,-1.0,0.0
validation-label_balanced,dmc|dmc|greedy,9,208009,0.0,8,11,3.0,-1.0,0.0
validation-label_balanced,dmc|dmc|greedy,10,208010,0.0,8,12,3.0,-1.0,0.0
validation-label_balanced,dmc|dmc|greedy,11,208011,0.0,8,13,3.0,-1.0,0.0
validation-label_balanced,dmc|dmc|greedy,12,208012,0.0,8,14,3.0,-1.0,0.0
validation-label_balanced,dmc|dmc|greedy,13,208013,0.0,8,2,2.75,-1.0,0.0
validation-label_balanced,dmc|dmc|greedy,14,208014,0.0,8,3,3.0,-1.0,0.0
validation-label_balanced,dmc|dmc|greedy,15,208015,0.0,8,4,3.0,-1.0,0.0
validation-label_balanced,dmc|dmc|greedy,16,208016,0.0,8,5,3.0,-1.0,0.0
validation-label_balanced,dmc|dmc|greedy,17,208017,0.0,8,6,3.0,-1.0,0.0
validation-label_balanced,dmc|dmc|greedy,18,208018,0.0,8,7,3.0,-1.0,0.0
validation-label_balanced,dmc|dmc|greedy,19,208019,0.0,8,8,3.0,-1.0,0.0
validation-label_balanced,dmc|dmc|greedy,20,208020,0.0,8,9,3.0,-1.0,0.0
validation-label_balanced,dmc|dmc|greedy,21,208021,0.0,8,10,3.0,-1.0,0.0
validation-label_balanced,dmc|dmc|greedy,22,208022,0.0,8,11,3.0,-1.0,0.0
validation-label_balanced,dmc|dmc|greedy,23,208023,0.0,8,12,3.0,-1.0,0.0
validation-label_balanced,dmc|dmc|greedy,24,208024,0.0,8,13,3.0,-1.0,0.0
validation-label_balanced,dmc|dmc|greedy,25,208025,0.0,8,14,2.75,-1.0,0.0
validation-label_balanced,dmc|dmc|greedy,26,208026,0.0,8,2,3.0,-1.0,0.0
validation-label_balanced,dmc|dmc|greedy,27,208027,0.0,8,3,3.0,-1.0,0.0
validation-label_balanced,dmc|dmc|greedy,28,208028,0.0,8,4,3.0,-1.0,0.0
validation-label_balanced,dmc|dmc|greedy,29,208029,0.0,8,5,3.0,-1.0,0.0
validation-label_balanced,dmc|dmc|greedy,30,208030,0.0,8,6,3.0,-1.0,0.0
validation-label_balanced,dmc|dmc|greedy,31,208031,0.0,8,7,3.0,-1.0,0.0
validation-label_balanced,dmc|dmc|greedy,32,208032,0.0,8,8,3.0,-1.0,0.0
validation-label_balanced,dmc|dmc|greedy,33,208033,0.0,8,9,3.0,-1.0,0.0
validation-label_balanced,dmc|dmc|greedy,34,208034,0.0,8,10,3.0,-1.0,0.0
validation-label_balanced,dmc|dmc|greedy,35,208035,0.0,8,11,3.0,-1.0,0.0
validation-label_balanced,dmc|dmc|greedy,36,208036,0.0,8,12,3.0,-1.0,0.0
validation-label_balanced,dmc|dmc|greedy,37,208037,0.0,8,13,3.0,-1.0,0.0
validation-label_balanced,dmc|dmc|greedy,38,208038,0.0,8,14,3.0,-1.0,0.0
validation-label_balanced,dmc|dmc|greedy,39,208039,0.0,8,2,3.0,-1.0,0.0
validation-label_balanced,dmc|dmc|greedy,40,208040,0.0,8,3,3.0,-1.0,0.0
validation-label_balanced,dmc|dmc|greedy,41,208041,0.0,8,4,2.875,-1.0,0.0
validation-label_balanced,dmc|dmc|greedy,42,208042,0.0,8,5,3.0,-1.0,0.0
validation-label_balanced,dmc|dmc|greedy,43,208043,0.0,8,6,3.0,-1.0,0.0
validation-label_balanced,dmc|dmc|greedy,44,208044,0.0,8,7,3.0,-1.0,0.0
validation-label_balanced,dmc|dmc|greedy,45,208045,0.0,8,8,3.0,-1.0,0.0
validation-label_balanced,dmc|dmc|greedy,46,208046,0.0,8,9,3.0,-1.0,0.0
validation-label_balanced,dmc|dmc|greedy,47,208047,0.0,8,10,3.0,-1.0,0.0
validation-label_balanced,dmc|dmc|greedy,48,208048,0.0,8,11,3.0,-1.0,0.0
validation-label_balanced,dmc|dmc|greedy,49,208049,0.0,8,12,3.0,-1.0,0.0
validation-label_balanced,dmc|dmc|greedy,50,208050,0.0,8,13,3.0,-1.0,0.0
validation-label_balanced,dmc|dmc|greedy,51,208051,0.0,8,14,3.0,-1.0,0.0
validation-label_balanced,dmc|dmc|greedy,52,208052,0.0,8,2,3.0,-1.0,0.0
validation-label_balanced,dmc|dmc|greedy,53,208053,0.0,8,3,3.0,-1.0,0.0
validation-label_balanced,dmc|dmc|greedy,54,208054,0.0,8,4,3.0,-1.0,0.0
validation-label_balanced,dmc|dmc|greedy,55,208055,0.0,8,5,2.75,-1.0,0.0
validation-label_balanced,dmc|dmc|greedy,56,208056,0.0,8,6,3.0,-1.0,0.0
validation-label_balanced,dmc|dmc|greedy,57,208057,0.0,8,7,3.0,-1.0,0.0
validation-label_balanced,dmc|dmc|greedy,58,208058,0.0,8,8,3.0,-1.0,0.0
validation-label_balanced,dmc|dmc|greedy,59,208059,0.0,8,9,3.0,-1.0,0.0
validation-label_balanced,dmc|dmc|greedy,60,208060,0.0,8,10,2.875,-1.0,0.0
validation-label_balanced,dmc|dmc|greedy,61,208061,0.0,8,11,3.0,-1.0,0.0
validation-label_balanced,dmc|dmc|greedy,62,208062,0.0,8,12,3.0,-1.0,0.0
validation-label_balanced,dmc|dmc|greedy,63,208063,0.0,8,13,3.0,-1.0,0.0
validation-label_balanced,dmc|dmc|greedy,64,208064,0.0,8,14,3.0,-1.0,0.0
validation-label_balanced,dmc|dmc|random,0,208000,0.0,8,2,3.0,-1.0,0.0
validation-label_balanced,dmc|dmc|random,1,208001,0.0,8,3,2.625,-1.0,0.0
validation-label_balanced,dmc|dmc|random,2,208002,0.0,8,4,3.0,-1.0,0.0
validation-label_balanced,dmc|dmc|random,3,208003,0.0,8,5,3.0,-1.0,0.0
validation-label_balanced,dmc|dmc|random,4,208004,0.125,8,6,2.375,-0.75,0.125
validation-label_balanced,dmc|dmc|random,5,208005,0.0,8,7,3.0,-1.0,0.0
validation-label_balanced,dmc|dmc|random,6,208006,0.0,8,8,2.75,-1.0,0.0
validation-label_balanced,dmc|dmc|random,7,208007,0.125,8,9,2.625,-0.75,0.125
validation-label_balanced,dmc|dmc|random,8,208008,0.0,8,10,2.75,-1.0,0.0
validation-label_balanced,dmc|dmc|random,9,208009,0.0,8,11,3.0,-1.0,0.0
validation-label_balanced,dmc|dmc|random,10,208010,0.0,8,12,3.0,-1.0,0.0
validation-label_balanced,dmc|dmc|random,11,208011,0.0,8,13,2.875,-1.0,0.0
validation-label_balanced,dmc|dmc|random,12,208012,0.0,8,14,3.0,-1.0,0.0
validation-label_balanced,dmc|dmc|random,13,208013,0.0,8,2,2.875,-1.0,0.0
validation-label_balanced,dmc|dmc|random,14,208014,0.0,8,3,3.0,-1.0,0.0
validation-label_balanced,dmc|dmc|random,15,208015,0.0,8,4,3.0,-1.0,0.0
validation-label_balanced,dmc|dmc|random,16,208016,0.375,8,5,2.375,-0.75,0.125
validation-label_balanced,dmc|dmc|random,17,208017,0.0,8,6,3.0,-1.0,0.0
validation-label_balanced,dmc|dmc|random,18,208018,0.0,8,7,3.0,-1.0,0.0
validation-label_balanced,dmc|dmc|random,19,208019,0.0,8,8,3.0,-1.0,0.0
validation-label_balanced,dmc|dmc|random,20,208020,0.0,8,9,2.75,-1.0,0.0
validation-label_balanced,dmc|dmc|random,21,208021,0.0,8,10,3.0,-1.0,0.0
validation-label_balanced,dmc|dmc|random,22,208022,0.0,8,11,3.0,-1.0,0.0
validation-label_balanced,dmc|dmc|random,23,208023,0.0,8,12,3.0,-1.0,0.0
validation-label_balanced,dmc|dmc|random,24,208024,0.0,8,13,3.0,-1.0,0.0
validation-label_balanced,dmc|dmc|random,25,208025,0.0,8,14,3.0,-1.0,0.0
validation-label_balanced,dmc|dmc|random,26,208026,0.0,8,2,3.0,-1.0,0.0
validation-label_balanced,dmc|dmc|random,27,208027,0.0,8,3,3.0,-1.0,0.0
validation-label_balanced,dmc|dmc|random,28,208028,0.0,8,4,3.0,-1.0,0.0
validation-label_balanced,dmc|dmc|random,29,208029,0.0,8,5,3.0,-1.0,0.0
validation-label_balanced,dmc|dmc|random,30,208030,0.0,8,6,3.0,-1.0,0.0
validation-label_balanced,dmc|dmc|random,31,208031,0.375,8,7,2.625,-0.75,0.125
validation-label_balanced,dmc|dmc|random,32,208032,0.0,8,8,3.0,-1.0,0.0
validation-label_balanced,dmc|dmc|random,33,208033,0.0,8,9,3.0,-1.0,0.0
validation-label_balanced,dmc|dmc|random,34,208034,0.0,8,10,3.0,-1.0,0.0
validation-label_balanced,dmc|dmc|random,35,208035,0.375,8,11,2.375,-0.75,0.125
validation-label_balanced,dmc|dmc|random,36,208036,0.0,8,12,3.0,-1.0,0.0
validation-label_balanced,dmc|dmc|random,37,208037,0.0,8,13,3.0,-1.0,0.0
validation-label_balanced,dmc|dmc|random,38,208038,0.0,8,14,3.0,-1.0,0.0
validation-label_balanced,dmc|dmc|random,39,208039,0.0,8,2,3.0,-1.0,0.0
validation-label_balanced,dmc|dmc|random,40,208040,0.0,8,3,2.875,-1.0,0.0
validation-label_balanced,dmc|dmc|random,41,208041,0.0,8,4,2.75,-1.0,0.0
validation-label_balanced,dmc|dmc|random,42,208042,0.0,8,5,3.0,-1.0,0.0
validation-label_balanced,dmc|dmc|random,43,208043,0.0,8,6,3.0,-1.0,0.0
validation-label_balanced,dmc|dmc|random,44,208044,0.0,8,7,3.0,-1.0,0.0
validation-label_balanced,dmc|dmc|random,45,208045,0.0,8,8,3.0,-1.0,0.0
validation-label_balanced,dmc|dmc|random,46,208046,0.0,8,9,2.75,-1.0,0.0
validation-label_balanced,dmc|dmc|random,47,208047,0.0,8,10,3.0,-1.0,0.0
validation-label_balanced,dmc|dmc|random,48,208048,0.0,8,11,3.0,-1.0,0.0
validation-label_balanced,dmc|dmc|random,49,208049,0.0,8,12,2.75,-1.0,0.0
validation-label_balanced,dmc|dmc|random,50,208050,0.0,8,13,3.0,-1.0,0.0
validation-label_balanced,dmc|dmc|random,51,208051,0.375,8,14,2.625,-0.75,0.125
validation-label_balanced,dmc|dmc|random,52,208052,0.0,8,2,2.875,-1.0,0.0
validation-label_balanced,dmc|dmc|random,53,208053,0.0,8,3,3.0,-1.0,0.0
validation-label_balanced,dmc|dmc|random,54,208054,0.0,8,4,3.0,-1.0,0.0
validation-label_balanced,dmc|dmc|random,55,208055,0.0,8,5,3.0,-1.0,0.0
validation-label_balanced,dmc|dmc|random,56,208056,0.0,8,6,3.0,-1.0,0.0
validation-label_balanced,dmc|dmc|random,57,208057,0.0,8,7,3.0,-1.0,0.0
validation-label_balanced,dmc|dmc|random,58,208058,0.0,8,8,2.75,-1.0,0.0
validation-label_balanced,dmc|dmc|random,59,208059,0.0,8,9,3.0,-1.0,0.0
validation-label_balanced,dmc|dmc|random,60,208060,0.0,8,10,3.0,-1.0,0.0
validation-label_balanced,dmc|dmc|random,61,208061,0.0,8,11,3.0,-1.0,0.0
validation-label_balanced,dmc|dmc|random,62,208062,0.0,8,12,3.0,-1.0,0.0
validation-label_balanced,dmc|dmc|random,63,208063,0.0,8,13,3.0,-1.0,0.0
validation-label_balanced,dmc|dmc|random,64,208064,0.0,8,14,3.0,-1.0,0.0
validation-label_balanced,dmc|dmc|team,0,208000,0.0,8,2,3.0,-1.0,0.0
validation-label_balanced,dmc|dmc|team,1,208001,0.0,8,3,3.0,-1.0,0.0
validation-label_balanced,dmc|dmc|team,2,208002,0.0,8,4,3.0,-1.0,0.0
validation-label_balanced,dmc|dmc|team,3,208003,0.0,8,5,3.0,-1.0,0.0
validation-label_balanced,dmc|dmc|team,4,208004,0.0,8,6,3.0,-1.0,0.0
validation-label_balanced,dmc|dmc|team,5,208005,0.0,8,7,3.0,-1.0,0.0
validation-label_balanced,dmc|dmc|team,6,208006,0.0,8,8,3.0,-1.0,0.0
validation-label_balanced,dmc|dmc|team,7,208007,0.0,8,9,3.0,-1.0,0.0
validation-label_balanced,dmc|dmc|team,8,208008,0.0,8,10,3.0,-1.0,0.0
validation-label_balanced,dmc|dmc|team,9,208009,0.0,8,11,3.0,-1.0,0.0
validation-label_balanced,dmc|dmc|team,10,208010,0.0,8,12,3.0,-1.0,0.0
validation-label_balanced,dmc|dmc|team,11,208011,0.0,8,13,3.0,-1.0,0.0
validation-label_balanced,dmc|dmc|team,12,208012,0.0,8,14,3.0,-1.0,0.0
validation-label_balanced,dmc|dmc|team,13,208013,0.0,8,2,3.0,-1.0,0.0
validation-label_balanced,dmc|dmc|team,14,208014,0.0,8,3,3.0,-1.0,0.0
validation-label_balanced,dmc|dmc|team,15,208015,0.0,8,4,3.0,-1.0,0.0
validation-label_balanced,dmc|dmc|team,16,208016,0.0,8,5,3.0,-1.0,0.0
validation-label_balanced,dmc|dmc|team,17,208017,0.0,8,6,3.0,-1.0,0.0
validation-label_balanced,dmc|dmc|team,18,208018,0.0,8,7,3.0,-1.0,0.0
validation-label_balanced,dmc|dmc|team,19,208019,0.0,8,8,3.0,-1.0,0.0
validation-label_balanced,dmc|dmc|team,20,208020,0.0,8,9,3.0,-1.0,0.0
validation-label_balanced,dmc|dmc|team,21,208021,0.0,8,10,3.0,-1.0,0.0
validation-label_balanced,dmc|dmc|team,22,208022,0.0,8,11,3.0,-1.0,0.0
validation-label_balanced,dmc|dmc|team,23,208023,0.0,8,12,3.0,-1.0,0.0
validation-label_balanced,dmc|dmc|team,24,208024,0.0,8,13,3.0,-1.0,0.0
validation-label_balanced,dmc|dmc|team,25,208025,0.0,8,14,3.0,-1.0,0.0
validation-label_balanced,dmc|dmc|team,26,208026,0.0,8,2,3.0,-1.0,0.0
validation-label_balanced,dmc|dmc|team,27,208027,0.0,8,3,3.0,-1.0,0.0
validation-label_balanced,dmc|dmc|team,28,208028,0.0,8,4,3.0,-1.0,0.0
validation-label_balanced,dmc|dmc|team,29,208029,0.0,8,5,3.0,-1.0,0.0
validation-label_balanced,dmc|dmc|team,30,208030,0.0,8,6,3.0,-1.0,0.0
validation-label_balanced,dmc|dmc|team,31,208031,0.0,8,7,3.0,-1.0,0.0
validation-label_balanced,dmc|dmc|team,32,208032,0.0,8,8,3.0,-1.0,0.0
validation-label_balanced,dmc|dmc|team,33,208033,0.0,8,9,3.0,-1.0,0.0
validation-label_balanced,dmc|dmc|team,34,208034,0.0,8,10,3.0,-1.0,0.0
validation-label_balanced,dmc|dmc|team,35,208035,0.0,8,11,3.0,-1.0,0.0
validation-label_balanced,dmc|dmc|team,36,208036,0.0,8,12,3.0,-1.0,0.0
validation-label_balanced,dmc|dmc|team,37,208037,0.0,8,13,3.0,-1.0,0.0
validation-label_balanced,dmc|dmc|team,38,208038,0.0,8,14,3.0,-1.0,0.0
validation-label_balanced,dmc|dmc|team,39,208039,0.0,8,2,3.0,-1.0,0.0
validation-label_balanced,dmc|dmc|team,40,208040,0.0,8,3,3.0,-1.0,0.0
validation-label_balanced,dmc|dmc|team,41,208041,0.0,8,4,3.0,-1.0,0.0
validation-label_balanced,dmc|dmc|team,42,208042,0.0,8,5,3.0,-1.0,0.0
validation-label_balanced,dmc|dmc|team,43,208043,0.0,8,6,3.0,-1.0,0.0
validation-label_balanced,dmc|dmc|team,44,208044,0.0,8,7,3.0,-1.0,0.0
validation-label_balanced,dmc|dmc|team,45,208045,0.0,8,8,3.0,-1.0,0.0
validation-label_balanced,dmc|dmc|team,46,208046,0.0,8,9,3.0,-1.0,0.0
validation-label_balanced,dmc|dmc|team,47,208047,0.0,8,10,3.0,-1.0,0.0
validation-label_balanced,dmc|dmc|team,48,208048,0.0,8,11,3.0,-1.0,0.0
validation-label_balanced,dmc|dmc|team,49,208049,0.0,8,12,3.0,-1.0,0.0
validation-label_balanced,dmc|dmc|team,50,208050,0.0,8,13,3.0,-1.0,0.0
validation-label_balanced,dmc|dmc|team,51,208051,0.0,8,14,3.0,-1.0,0.0
validation-label_balanced,dmc|dmc|team,52,208052,0.0,8,2,3.0,-1.0,0.0
validation-label_balanced,dmc|dmc|team,53,208053,0.0,8,3,3.0,-1.0,0.0
validation-label_balanced,dmc|dmc|team,54,208054,0.0,8,4,3.0,-1.0,0.0
validation-label_balanced,dmc|dmc|team,55,208055,0.0,8,5,3.0,-1.0,0.0
validation-label_balanced,dmc|dmc|team,56,208056,0.0,8,6,3.0,-1.0,0.0
validation-label_balanced,dmc|dmc|team,57,208057,0.0,8,7,3.0,-1.0,0.0
validation-label_balanced,dmc|dmc|team,58,208058,0.0,8,8,3.0,-1.0,0.0
validation-label_balanced,dmc|dmc|team,59,208059,0.0,8,9,3.0,-1.0,0.0
validation-label_balanced,dmc|dmc|team,60,208060,0.0,8,10,3.0,-1.0,0.0
validation-label_balanced,dmc|dmc|team,61,208061,0.0,8,11,3.0,-1.0,0.0
validation-label_balanced,dmc|dmc|team,62,208062,0.0,8,12,3.0,-1.0,0.0
validation-label_balanced,dmc|dmc|team,63,208063,0.0,8,13,3.0,-1.0,0.0
validation-label_balanced,dmc|dmc|team,64,208064,0.0,8,14,3.0,-1.0,0.0
