validation,initializer,matchup,deal_seed,level,normcap_minus_constant
False,314380,dmc|dmc|greedy,108100,2,0.125
False,314380,dmc|dmc|greedy,108101,3,-0.125
False,314380,dmc|dmc|greedy,108102,4,-0.375
False,314380,dmc|dmc|greedy,108103,5,-0.25
False,314380,dmc|dmc|greedy,108104,6,-0.25
False,314380,dmc|dmc|greedy,108105,7,0.125
False,314380,dmc|dmc|greedy,108106,8,0.125
False,314380,dmc|dmc|greedy,108107,9,-0.125
False,314380,dmc|dmc|greedy,108108,10,0.0
False,314380,dmc|dmc|greedy,108109,11,0.0
False,314380,dmc|dmc|greedy,108110,12,-0.25
False,314380,dmc|dmc|greedy,108111,13,-0.25
False,314380,dmc|dmc|greedy,108112,14,-0.125
False,314380,dmc|dmc|greedy,108113,2,0.375
False,314380,dmc|dmc|greedy,108114,3,-0.375
False,314380,dmc|dmc|greedy,108115,4,-0.125
False,314380,dmc|dmc|greedy,108116,5,0.0
False,314380,dmc|dmc|greedy,108117,6,0.0
False,314380,dmc|dmc|greedy,108118,7,-0.125
False,314380,dmc|dmc|greedy,108119,8,0.125
False,314380,dmc|dmc|greedy,108120,9,0.25
False,314380,dmc|dmc|greedy,108121,10,0.125
False,314380,dmc|dmc|greedy,108122,11,0.125
False,314380,dmc|dmc|greedy,108123,12,-0.125
False,314380,dmc|dmc|greedy,108124,13,0.125
False,314380,dmc|dmc|greedy,108125,14,-0.125
False,314381,dmc|dmc|greedy,108100,2,-0.25
False,314381,dmc|dmc|greedy,108101,3,-0.25
False,314381,dmc|dmc|greedy,108102,4,-0.375
False,314381,dmc|dmc|greedy,108103,5,-0.125
False,314381,dmc|dmc|greedy,108104,6,0.125
False,314381,dmc|dmc|greedy,108105,7,0.125
False,314381,dmc|dmc|greedy,108106,8,0.0
False,314381,dmc|dmc|greedy,108107,9,-0.375
False,314381,dmc|dmc|greedy,108108,10,-0.375
False,314381,dmc|dmc|greedy,108109,11,0.0
False,314381,dmc|dmc|greedy,108110,12,-0.125
False,314381,dmc|dmc|greedy,108111,13,0.125
False,314381,dmc|dmc|greedy,108112,14,-0.375
False,314381,dmc|dmc|greedy,108113,2,-0.375
False,314381,dmc|dmc|greedy,108114,3,-0.125
False,314381,dmc|dmc|greedy,108115,4,0.25
False,314381,dmc|dmc|greedy,108116,5,0.25
False,314381,dmc|dmc|greedy,108117,6,0.0
False,314381,dmc|dmc|greedy,108118,7,0.125
False,314381,dmc|dmc|greedy,108119,8,0.25
False,314381,dmc|dmc|greedy,108120,9,0.0
False,314381,dmc|dmc|greedy,108121,10,0.0
False,314381,dmc|dmc|greedy,108122,11,-0.25
False,314381,dmc|dmc|greedy,108123,12,-0.375
False,314381,dmc|dmc|greedy,108124,13,0.375
False,314381,dmc|dmc|greedy,108125,14,0.0
False,314382,dmc|dmc|greedy,108100,2,0.0
False,314382,dmc|dmc|greedy,108101,3,-0.125
False,314382,dmc|dmc|greedy,108102,4,0.125
False,314382,dmc|dmc|greedy,108103,5,-0.375
False,314382,dmc|dmc|greedy,108104,6,-0.125
False,314382,dmc|dmc|greedy,108105,7,-0.25
False,314382,dmc|dmc|greedy,108106,8,0.0
False,314382,dmc|dmc|greedy,108107,9,0.0
False,314382,dmc|dmc|greedy,108108,10,0.125
False,314382,dmc|dmc|greedy,108109,11,-0.125
False,314382,dmc|dmc|greedy,108110,12,0.375
False,314382,dmc|dmc|greedy,108111,13,0.125
False,314382,dmc|dmc|greedy,108112,14,-0.375
False,314382,dmc|dmc|greedy,108113,2,-0.125
False,314382,dmc|dmc|greedy,108114,3,0.125
False,314382,dmc|dmc|greedy,108115,4,0.25
False,314382,dmc|dmc|greedy,108116,5,0.375
False,314382,dmc|dmc|greedy,108117,6,0.125
False,314382,dmc|dmc|greedy,108118,7,0.125
False,314382,dmc|dmc|greedy,108119,8,0.25
False,314382,dmc|dmc|greedy,108120,9,-0.375
False,314382,dmc|dmc|greedy,108121,10,-0.125
False,314382,dmc|dmc|greedy,108122,11,-0.5
False,314382,dmc|dmc|greedy,108123,12,-0.125
False,314382,dmc|dmc|greedy,108124,13,0.25
False,314382,dmc|dmc|greedy,108125,14,0.125
True,314380,dmc|dmc|greedy,206000,2,-0.25
True,314380,dmc|dmc|greedy,206001,3,0.125
True,314380,dmc|dmc|greedy,206002,4,-0.5
True,314380,dmc|dmc|greedy,206003,5,0.125
True,314380,dmc|dmc|greedy,206004,6,-0.125
True,314380,dmc|dmc|greedy,206005,7,0.25
True,314380,dmc|dmc|greedy,206006,8,-0.125
True,314380,dmc|dmc|greedy,206007,9,0.25
True,314380,dmc|dmc|greedy,206008,10,0.0
True,314380,dmc|dmc|greedy,206009,11,0.0
True,314380,dmc|dmc|greedy,206010,12,0.125
True,314380,dmc|dmc|greedy,206011,13,0.125
True,314380,dmc|dmc|greedy,206012,14,0.0
True,314380,dmc|dmc|greedy,206013,2,0.125
True,314380,dmc|dmc|greedy,206014,3,-0.125
True,314380,dmc|dmc|greedy,206015,4,-0.125
True,314380,dmc|dmc|greedy,206016,5,0.0
True,314380,dmc|dmc|greedy,206017,6,-0.25
True,314380,dmc|dmc|greedy,206018,7,0.0
True,314380,dmc|dmc|greedy,206019,8,-0.25
True,314380,dmc|dmc|greedy,206020,9,-0.125
True,314380,dmc|dmc|greedy,206021,10,0.25
True,314380,dmc|dmc|greedy,206022,11,0.375
True,314380,dmc|dmc|greedy,206023,12,-0.375
True,314380,dmc|dmc|greedy,206024,13,-0.125
True,314380,dmc|dmc|greedy,206025,14,0.125
True,314380,dmc|dmc|greedy,206026,2,-0.125
True,314380,dmc|dmc|greedy,206027,3,-0.125
True,314380,dmc|dmc|greedy,206028,4,0.125
True,314380,dmc|dmc|greedy,206029,5,-0.25
True,314380,dmc|dmc|greedy,206030,6,0.125
True,314380,dmc|dmc|greedy,206031,7,0.25
True,314380,dmc|dmc|greedy,206032,8,0.125
True,314380,dmc|dmc|greedy,206033,9,0.125
True,314380,dmc|dmc|greedy,206034,10,0.125
True,314380,dmc|dmc|greedy,206035,11,0.0
True,314380,dmc|dmc|greedy,206036,12,0.125
True,314380,dmc|dmc|greedy,206037,13,0.25
True,314380,dmc|dmc|greedy,206038,14,0.0
True,314380,dmc|dmc|greedy,206039,2,-0.125
True,314380,dmc|dmc|greedy,206040,3,-0.375
True,314380,dmc|dmc|greedy,206041,4,0.125
True,314380,dmc|dmc|greedy,206042,5,0.25
True,314380,dmc|dmc|greedy,206043,6,0.0
True,314380,dmc|dmc|greedy,206044,7,-0.125
True,314380,dmc|dmc|greedy,206045,8,0.125
True,314380,dmc|dmc|greedy,206046,9,-0.25
True,314380,dmc|dmc|greedy,206047,10,0.125
True,314380,dmc|dmc|greedy,206048,11,-0.375
True,314380,dmc|dmc|greedy,206049,12,-0.25
True,314380,dmc|dmc|greedy,206050,13,-0.125
True,314380,dmc|dmc|greedy,206051,14,0.0
True,314380,dmc|dmc|greedy,206052,2,0.0
True,314380,dmc|dmc|greedy,206053,3,0.25
True,314380,dmc|dmc|greedy,206054,4,-0.375
True,314380,dmc|dmc|greedy,206055,5,0.125
True,314380,dmc|dmc|greedy,206056,6,-0.125
True,314380,dmc|dmc|greedy,206057,7,-0.125
True,314380,dmc|dmc|greedy,206058,8,0.25
True,314380,dmc|dmc|greedy,206059,9,0.25
True,314380,dmc|dmc|greedy,206060,10,-0.5
True,314380,dmc|dmc|greedy,206061,11,-0.375
True,314380,dmc|dmc|greedy,206062,12,0.0
True,314380,dmc|dmc|greedy,206063,13,0.25
True,314380,dmc|dmc|greedy,206064,14,0.0
True,314380,dmc|dmc|random,206000,2,-0.125
True,314380,dmc|dmc|random,206001,3,0.0
True,314380,dmc|dmc|random,206002,4,0.5
True,314380,dmc|dmc|random,206003,5,0.0
True,314380,dmc|dmc|random,206004,6,0.0
True,314380,dmc|dmc|random,206005,7,0.0
True,314380,dmc|dmc|random,206006,8,0.25
True,314380,dmc|dmc|random,206007,9,0.25
True,314380,dmc|dmc|random,206008,10,0.25
True,314380,dmc|dmc|random,206009,11,-0.125
True,314380,dmc|dmc|random,206010,12,0.25
True,314380,dmc|dmc|random,206011,13,0.25
True,314380,dmc|dmc|random,206012,14,-0.25
True,314380,dmc|dmc|random,206013,2,0.0
True,314380,dmc|dmc|random,206014,3,-0.25
True,314380,dmc|dmc|random,206015,4,0.25
True,314380,dmc|dmc|random,206016,5,0.0
True,314380,dmc|dmc|random,206017,6,0.0
True,314380,dmc|dmc|random,206018,7,0.25
True,314380,dmc|dmc|random,206019,8,-0.125
True,314380,dmc|dmc|random,206020,9,0.0
True,314380,dmc|dmc|random,206021,10,0.0
True,314380,dmc|dmc|random,206022,11,-0.125
True,314380,dmc|dmc|random,206023,12,-0.125
True,314380,dmc|dmc|random,206024,13,-0.125
True,314380,dmc|dmc|random,206025,14,0.375
True,314380,dmc|dmc|random,206026,2,0.125
True,314380,dmc|dmc|random,206027,3,0.125
True,314380,dmc|dmc|random,206028,4,-0.125
True,314380,dmc|dmc|random,206029,5,0.125
True,314380,dmc|dmc|random,206030,6,0.0
True,314380,dmc|dmc|random,206031,7,0.125
True,314380,dmc|dmc|random,206032,8,0.0
True,314380,dmc|dmc|random,206033,9,0.0
True,314380,dmc|dmc|random,206034,10,0.5
True,314380,dmc|dmc|random,206035,11,0.125
True,314380,dmc|dmc|random,206036,12,-0.25
True,314380,dmc|dmc|random,206037,13,0.375
True,314380,dmc|dmc|random,206038,14,0.375
True,314380,dmc|dmc|random,206039,2,0.0
True,314380,dmc|dmc|random,206040,3,0.125
True,314380,dmc|dmc|random,206041,4,0.125
True,314380,dmc|dmc|random,206042,5,0.25
True,314380,dmc|dmc|random,206043,6,0.0
True,314380,dmc|dmc|random,206044,7,0.0
True,314380,dmc|dmc|random,206045,8,0.0
True,314380,dmc|dmc|random,206046,9,-0.25
True,314380,dmc|dmc|random,206047,10,-0.375
True,314380,dmc|dmc|random,206048,11,-0.125
True,314380,dmc|dmc|random,206049,12,0.25
True,314380,dmc|dmc|random,206050,13,0.125
True,314380,dmc|dmc|random,206051,14,0.0
True,314380,dmc|dmc|random,206052,2,0.125
True,314380,dmc|dmc|random,206053,3,0.0
True,314380,dmc|dmc|random,206054,4,-0.125
True,314380,dmc|dmc|random,206055,5,0.125
True,314380,dmc|dmc|random,206056,6,-0.125
True,314380,dmc|dmc|random,206057,7,-0.125
True,314380,dmc|dmc|random,206058,8,0.125
True,314380,dmc|dmc|random,206059,9,0.125
True,314380,dmc|dmc|random,206060,10,0.0
True,314380,dmc|dmc|random,206061,11,0.0
True,314380,dmc|dmc|random,206062,12,0.0
True,314380,dmc|dmc|random,206063,13,0.125
True,314380,dmc|dmc|random,206064,14,0.0
True,314380,dmc|dmc|team,206000,2,0.25
True,314380,dmc|dmc|team,206001,3,-0.125
True,314380,dmc|dmc|team,206002,4,0.25
True,314380,dmc|dmc|team,206003,5,0.25
True,314380,dmc|dmc|team,206004,6,-0.125
True,314380,dmc|dmc|team,206005,7,0.25
True,314380,dmc|dmc|team,206006,8,-0.25
True,314380,dmc|dmc|team,206007,9,0.375
True,314380,dmc|dmc|team,206008,10,0.0
True,314380,dmc|dmc|team,206009,11,0.0
True,314380,dmc|dmc|team,206010,12,0.125
True,314380,dmc|dmc|team,206011,13,-0.25
True,314380,dmc|dmc|team,206012,14,0.125
True,314380,dmc|dmc|team,206013,2,-0.125
True,314380,dmc|dmc|team,206014,3,-0.125
True,314380,dmc|dmc|team,206015,4,0.125
True,314380,dmc|dmc|team,206016,5,0.0
True,314380,dmc|dmc|team,206017,6,-0.125
True,314380,dmc|dmc|team,206018,7,0.125
True,314380,dmc|dmc|team,206019,8,0.25
True,314380,dmc|dmc|team,206020,9,0.25
True,314380,dmc|dmc|team,206021,10,0.0
True,314380,dmc|dmc|team,206022,11,0.375
True,314380,dmc|dmc|team,206023,12,-0.125
True,314380,dmc|dmc|team,206024,13,-0.25
True,314380,dmc|dmc|team,206025,14,0.125
True,314380,dmc|dmc|team,206026,2,-0.125
True,314380,dmc|dmc|team,206027,3,-0.375
True,314380,dmc|dmc|team,206028,4,0.375
True,314380,dmc|dmc|team,206029,5,-0.125
True,314380,dmc|dmc|team,206030,6,-0.375
True,314380,dmc|dmc|team,206031,7,0.125
True,314380,dmc|dmc|team,206032,8,-0.125
True,314380,dmc|dmc|team,206033,9,0.25
True,314380,dmc|dmc|team,206034,10,0.0
True,314380,dmc|dmc|team,206035,11,0.0
True,314380,dmc|dmc|team,206036,12,0.125
True,314380,dmc|dmc|team,206037,13,0.375
True,314380,dmc|dmc|team,206038,14,0.125
True,314380,dmc|dmc|team,206039,2,0.0
True,314380,dmc|dmc|team,206040,3,-0.375
True,314380,dmc|dmc|team,206041,4,0.0
True,314380,dmc|dmc|team,206042,5,0.375
True,314380,dmc|dmc|team,206043,6,0.125
True,314380,dmc|dmc|team,206044,7,0.0
True,314380,dmc|dmc|team,206045,8,0.125
True,314380,dmc|dmc|team,206046,9,-0.25
True,314380,dmc|dmc|team,206047,10,0.25
True,314380,dmc|dmc|team,206048,11,0.375
True,314380,dmc|dmc|team,206049,12,0.125
True,314380,dmc|dmc|team,206050,13,-0.375
True,314380,dmc|dmc|team,206051,14,0.0
True,314380,dmc|dmc|team,206052,2,0.125
True,314380,dmc|dmc|team,206053,3,0.0
True,314380,dmc|dmc|team,206054,4,-0.125
True,314380,dmc|dmc|team,206055,5,0.125
True,314380,dmc|dmc|team,206056,6,0.0
True,314380,dmc|dmc|team,206057,7,-0.125
True,314380,dmc|dmc|team,206058,8,0.0
True,314380,dmc|dmc|team,206059,9,0.0
True,314380,dmc|dmc|team,206060,10,-0.5
True,314380,dmc|dmc|team,206061,11,-0.25
True,314380,dmc|dmc|team,206062,12,0.25
True,314380,dmc|dmc|team,206063,13,0.375
True,314380,dmc|dmc|team,206064,14,0.125
