source,model,states,cosine_valid,median_cosine,median_weighted_ratio
teacher-314380,teacher-314380,13,13,-0.5580209501621474,0.010968503783386943
teacher-314380,absolute-314380,13,13,0.026916470780309686,0.00878185548860086
teacher-314380,centered-314380,13,13,0.023795034761286263,0.011514516630886722
teacher-314380,teacher-314381,13,13,-0.5796023121375086,0.011875253656542942
teacher-314380,absolute-314381,13,13,0.044656176618768986,0.008272580916873006
teacher-314380,centered-314381,13,13,-0.01606049472165651,0.011966404239574046
teacher-314380,teacher-314382,13,13,-0.5370507579256762,0.011136314433380123
teacher-314380,absolute-314382,13,13,-0.010467199701012134,0.011799197462109251
teacher-314380,centered-314382,13,13,-0.028846552894786073,0.012389636271720739
absolute-314380,teacher-314380,8,8,-0.1665552978384664,0.012951065377625205
absolute-314380,absolute-314380,8,8,0.08861667118184441,0.008801324972625618
absolute-314380,centered-314380,8,8,-0.010522556957160962,0.014296199966849905
absolute-314380,teacher-314381,8,8,-0.3313599709381765,0.01576677315239309
absolute-314380,absolute-314381,8,8,-0.4783783274060748,0.013630125905677352
absolute-314380,centered-314381,8,8,-0.0931984796348538,0.015686305390193382
absolute-314380,teacher-314382,8,8,-0.05291041691708985,0.018306122995299903
absolute-314380,absolute-314382,8,8,-0.10860988577364813,0.015684107524676357
absolute-314380,centered-314382,8,8,0.09472781633099862,0.018598118458800942
centered-314380,teacher-314380,13,13,0.043739910075427865,0.013703273275883051
centered-314380,absolute-314380,13,13,-0.1964269756214252,0.011229275793277465
centered-314380,centered-314380,13,13,0.02394394798037743,0.013105897982773606
centered-314380,teacher-314381,13,13,-0.011302333851974345,0.014100239608217845
centered-314380,absolute-314381,13,13,-0.3851750862562196,0.010528473105591423
centered-314380,centered-314381,13,13,-0.03192848923667877,0.016890091673258268
centered-314380,teacher-314382,13,13,0.012638920278790709,0.011030288062215999
centered-314380,absolute-314382,13,13,-0.01474158884801574,0.011476287639224357
centered-314380,centered-314382,13,13,0.06610691523175265,0.014504755456130105
teacher-314381,teacher-314380,13,13,-0.5580209501621474,0.010968503783386943
teacher-314381,absolute-314380,13,13,0.026916470780309686,0.00878185548860086
teacher-314381,centered-314380,13,13,0.023795034761286263,0.011514516630886722
teacher-314381,teacher-314381,13,13,-0.5796023121375086,0.011875253656542942
teacher-314381,absolute-314381,13,13,0.044656176618768986,0.008272580916873006
teacher-314381,centered-314381,13,13,-0.01606049472165651,0.011966404239574046
teacher-314381,teacher-314382,13,13,-0.5370507579256762,0.011136314433380123
teacher-314381,absolute-314382,13,13,-0.010467199701012134,0.011799197462109251
teacher-314381,centered-314382,13,13,-0.028846552894786073,0.012389636271720739
absolute-314381,teacher-314380,9,9,-0.15421225095595126,0.006848329550150459
absolute-314381,absolute-314380,9,9,-0.15892031179635974,0.011530346562339951
absolute-314381,centered-314380,9,9,-0.15366395432445096,0.010833136912065493
absolute-314381,teacher-314381,9,9,-0.4716040269960987,0.006892331591454853
absolute-314381,absolute-314381,9,9,-0.3039971061520241,0.015688231021618957
absolute-314381,centered-314381,9,9,-0.19605362999351286,0.015795633114020005
absolute-314381,teacher-314382,9,9,-0.39057450499679996,0.0069243323880347945
absolute-314381,absolute-314382,9,9,-0.1205725438215668,0.011588056450396287
absolute-314381,centered-314382,9,9,-0.08359278216093322,0.015070966314710112
centered-314381,teacher-314380,8,8,-0.3124114185926769,0.0076553425485322915
centered-314381,absolute-314380,8,8,-0.17759820638178692,0.00962268537989449
centered-314381,centered-314380,8,8,-0.13417457378132303,0.009882888738235344
centered-314381,teacher-314381,8,8,-0.3174166228517056,0.006264560135242797
centered-314381,absolute-314381,8,8,-0.20840232912077294,0.009341640259924986
centered-314381,centered-314381,8,8,-0.15868850503881432,0.00924955930838766
centered-314381,teacher-314382,8,8,-0.4083749670865117,0.0064018994877485065
centered-314381,absolute-314382,8,8,-0.09761221869918613,0.011406578746916685
centered-314381,centered-314382,8,8,-0.08287471387135345,0.01526393761015045
teacher-314382,teacher-314380,13,13,-0.5580209501621474,0.010968503783386943
teacher-314382,absolute-314380,13,13,0.026916470780309686,0.00878185548860086
teacher-314382,centered-314380,13,13,0.023795034761286263,0.011514516630886722
teacher-314382,teacher-314381,13,13,-0.5796023121375086,0.011875253656542942
teacher-314382,absolute-314381,13,13,0.044656176618768986,0.008272580916873006
teacher-314382,centered-314381,13,13,-0.01606049472165651,0.011966404239574046
teacher-314382,teacher-314382,13,13,-0.5370507579256762,0.011136314433380123
teacher-314382,absolute-314382,13,13,-0.010467199701012134,0.011799197462109251
teacher-314382,centered-314382,13,13,-0.028846552894786073,0.012389636271720739
absolute-314382,teacher-314380,18,18,-0.25625625511182654,0.010269266613191882
absolute-314382,absolute-314380,18,18,-0.11597794846862111,0.013046496847852184
absolute-314382,centered-314380,18,18,-0.148571282373195,0.014288764271732764
absolute-314382,teacher-314381,18,18,-0.3030936668369301,0.009567168687761946
absolute-314382,absolute-314381,18,18,-0.27318561852782164,0.01575094048232649
absolute-314382,centered-314381,18,18,-0.044631756723318976,0.016976919058364362
absolute-314382,teacher-314382,18,18,-0.2979070322211941,0.011480306464187358
absolute-314382,absolute-314382,18,18,-0.1273920805484652,0.017833382415591976
absolute-314382,centered-314382,18,18,0.04254223547044327,0.013416005676973767
centered-314382,teacher-314380,11,11,-0.1999180688399367,0.009583057054783118
centered-314382,absolute-314380,11,11,-0.20622458928877874,0.010720459865368867
centered-314382,centered-314380,11,11,-0.05580666835173871,0.008236164810540085
centered-314382,teacher-314381,11,11,-0.4791794104585506,0.009649377945513245
centered-314382,absolute-314381,11,11,-0.27119991515355046,0.011095779208101435
centered-314382,centered-314381,11,11,-0.11569398620066561,0.009642014828490782
centered-314382,teacher-314382,11,11,-0.35521096685180426,0.01031189154198066
centered-314382,absolute-314382,11,11,-0.17375167488992657,0.014026729609390295
centered-314382,centered-314382,11,11,-0.0007269466884528382,0.01313642554578523
